<?xml version="1.0" encoding="utf-8" standalone="yes"?>
<rss version="2.0" xmlns:atom="http://www.w3.org/2005/Atom">
  <channel>
    <title>typecho on 子舒的博客</title>
    <link>/tags/typecho/</link>
    <description>Recent content in typecho on 子舒的博客</description>
    <generator>Hugo -- gohugo.io</generator>
    <language>en-us</language>
    <lastBuildDate>Tue, 07 Jun 2022 10:35:00 +0000</lastBuildDate><atom:link href="/tags/typecho/index.xml" rel="self" type="application/rss+xml" />
    <item>
      <title>typecho 评论回复艾特评论人</title>
      <link>/blog/132.html/</link>
      <pubDate>Tue, 07 Jun 2022 10:35:00 +0000</pubDate>
      
      <guid>/blog/132.html/</guid>
      <description>typecho 在评论时默认是没有 @ 评论人的功能，可以用代码加一下。 在 functions.php 中： /* * 评论回复时 @ 评论人 */ function get_comment_at($coid) { $db = Typecho_Db::get(); $prow = $db-&amp;gt;fetchRow($db-&amp;gt;select(&amp;#39;parent,status&amp;#39;)-&amp;gt;from(&amp;#39;table.comments&amp;#39;) -&amp;gt;where(&amp;#39;coid = ?&amp;#39;, $coid)); $mail = &amp;#34;&amp;#34;; $parent = @$prow[&amp;#39;parent&amp;#39;]; if ($parent != &amp;#34;0&amp;#34;) { $arow = $db-&amp;gt;fetchRow($db-&amp;gt;select(&amp;#39;author,status,mail&amp;#39;)-&amp;gt;from(&amp;#39;table.comments&amp;#39;) -&amp;gt;where(&amp;#39;coid = ?&amp;#39;, $parent)); @$author = @$arow[&amp;#39;author&amp;#39;]; $mail = @$arow[&amp;#39;mail&amp;#39;]; if(@$author &amp;amp;&amp;amp; $arow[&amp;#39;status&amp;#39;] == &amp;#34;approved&amp;#34;){ if (@$prow[&amp;#39;status&amp;#39;] == &amp;#34;waiting&amp;#34;){ echo &amp;#39;&amp;lt;p class=&amp;#3</description>
    </item>
    
    <item>
      <title>typecho 更换 gravatar 头像源</title>
      <link>/blog/92.html/</link>
      <pubDate>Tue, 21 Dec 2021 10:11:00 +0000</pubDate>
      
      <guid>/blog/92.html/</guid>
      <description>找到根目录下 config.inc.php 文件，在最前面加入下面的代码。 define(&amp;#39;__TYPECHO_GRAVATAR_PREFIX__&amp;#39;, &amp;#39;https://sdn.geekzu.org/avatar/&amp;#39;); 其中 https://sdn.geekzu.org/avatar/ 是一个国内源链接，这个是我目前找到的比较稳定的源。 如果这个源不能用了，可以更换其他的源，直接搜其他的相关国内源就可以了。 如果你有其他可以用的头像源</description>
    </item>
    
    <item>
      <title>Typecho博客搭建及优化教程(详细)</title>
      <link>/blog/67.html/</link>
      <pubDate>Tue, 11 May 2021 22:29:00 +0000</pubDate>
      
      <guid>/blog/67.html/</guid>
      <description>1.前言 本文从Typecho 简介开始讲解，其中包括服务器的选择，以及域名注册，服务器系统选择 ，宝塔安装，环境配置，Typecho安装包括中间的防采坑注意事项，为您提供完整的保姆级搭建流程，请珍惜哦！ 如</description>
    </item>
    
    <item>
      <title>typecho 博客小表情无法显示问题</title>
      <link>/blog/50.html/</link>
      <pubDate>Thu, 04 Feb 2021 19:47:00 +0000</pubDate>
      
      <guid>/blog/50.html/</guid>
      <description>typecho 博客建立完成之后，会发现如果插入一些小表情，页面渲染完之后，表情不会显示，并且表情之后的内容全部消失，导致体验感很差。 表情无法显示的原因是 uft-8 编码的问题，无法识别小表情，需要将其改成 utf8mb4 第一步，进入数据</description>
    </item>
    
  </channel>
</rss>
