<?xml version="1.0" encoding="utf-8" standalone="yes"?>
<rss version="2.0" xmlns:atom="http://www.w3.org/2005/Atom">
  <channel>
    <title>骑行 on 子舒的博客</title>
    <link>/tags/%E9%AA%91%E8%A1%8C/</link>
    <description>Recent content in 骑行 on 子舒的博客</description>
    <generator>Hugo -- gohugo.io</generator>
    <language>en-us</language>
    <lastBuildDate>Thu, 15 Jun 2023 00:00:00 +0000</lastBuildDate><atom:link href="/tags/%E9%AA%91%E8%A1%8C/index.xml" rel="self" type="application/rss+xml" />
    <item>
      <title>夜骑湘湖</title>
      <link>/blog/198.html/</link>
      <pubDate>Thu, 15 Jun 2023 00:00:00 +0000</pubDate>
      
      <guid>/blog/198.html/</guid>
      <description>突然萌生了骑行的想法，行动力很强的我立刻研究相关知识并付诸实践，两个小时36公里浅浅锻炼一下。绕着湘湖骑了一大圈，开始还有点累腿，后面慢慢就适应节奏了。 看着湖景，赏荷花，夜风迎面吹来，别有一番滋味。</description>
    </item>
    
  </channel>
</rss>
