<?xml version="1.0" encoding="utf-8" standalone="yes"?>
<rss version="2.0" xmlns:atom="http://www.w3.org/2005/Atom">
  <channel>
    <title>v2ex on 子舒的博客</title>
    <link>/tags/v2ex/</link>
    <description>Recent content in v2ex on 子舒的博客</description>
    <generator>Hugo -- gohugo.io</generator>
    <language>en-us</language>
    <lastBuildDate>Thu, 12 May 2022 13:46:00 +0000</lastBuildDate><atom:link href="/tags/v2ex/index.xml" rel="self" type="application/rss+xml" />
    <item>
      <title>分享一款自用的 v2ex 主题样式</title>
      <link>/blog/128.html/</link>
      <pubDate>Thu, 12 May 2022 13:46:00 +0000</pubDate>
      
      <guid>/blog/128.html/</guid>
      <description>起因是因为觉得 v2ex 网站主题略有拥挤，阅读体验不好，而正好网站支持自定义 css，所以就在参考其他人的基础上，修改了一套比较美观的样式。 本来是自用的，但是看到有人发帖分享主题，我也索性将它分享出来了。 v2ex 帖子</description>
    </item>
    
  </channel>
</rss>
