<?xml version="1.0" encoding="utf-8" standalone="yes"?>
<rss version="2.0" xmlns:atom="http://www.w3.org/2005/Atom">
  <channel>
    <title>做饭 on 子舒的博客</title>
    <link>/tags/%E5%81%9A%E9%A5%AD/</link>
    <description>Recent content in 做饭 on 子舒的博客</description>
    <generator>Hugo -- gohugo.io</generator>
    <language>en-us</language>
    <lastBuildDate>Mon, 21 Mar 2022 17:36:00 +0000</lastBuildDate><atom:link href="/tags/%E5%81%9A%E9%A5%AD/index.xml" rel="self" type="application/rss+xml" />
    <item>
      <title>好久不做饭，突然上手倒也说得过去</title>
      <link>/blog/109.html/</link>
      <pubDate>Mon, 21 Mar 2022 17:36:00 +0000</pubDate>
      
      <guid>/blog/109.html/</guid>
      <description>故事前景参照上上篇文章 《小区封锁下的生活》。不想订外卖，打工人觉得饭菜太贵，并且好像味道也就那样，所以和对象打算自己动手，丰衣足食。 在美团买了一些菜，肉，水果等，可以放到小区门口，报上门牌号，会有工作</description>
    </item>
    
  </channel>
</rss>
