<?xml version="1.0" encoding="utf-8" standalone="yes"?>
<rss version="2.0" xmlns:atom="http://www.w3.org/2005/Atom">
  <channel>
    <title>随笔 on 子舒的博客</title>
    <link>/categories/%E9%9A%8F%E7%AC%94/</link>
    <description>Recent content in 随笔 on 子舒的博客</description>
    <generator>Hugo -- gohugo.io</generator>
    <language>en-us</language>
    <lastBuildDate>Mon, 10 Jul 2023 00:00:00 +0000</lastBuildDate><atom:link href="/categories/%E9%9A%8F%E7%AC%94/index.xml" rel="self" type="application/rss+xml" />
    <item>
      <title>昨夜梦有感</title>
      <link>/blog/202.html/</link>
      <pubDate>Mon, 10 Jul 2023 00:00:00 +0000</pubDate>
      
      <guid>/blog/202.html/</guid>
      <description>2023年07月09日夜梦 昨晚我做了一个梦，也许是因为最近太多玩《极限国度》的缘故。在梦中，我在一条陌生的赛道上狂飙，以极速骑行。当我经过一座拱桥时，遇到了一个年轻人，他和我做着相同的动作，优雅地在空</description>
    </item>
    
    <item>
      <title>极美的晚霞画卷</title>
      <link>/blog/201.html/</link>
      <pubDate>Sun, 09 Jul 2023 00:00:00 +0000</pubDate>
      
      <guid>/blog/201.html/</guid>
      <description>使用设备 RedmiK50 拍摄。 当太阳逐渐西沉时，天空的色彩变得温暖而温和，绝美的晚霞画卷即将展开。 这是我今天最喜欢的一张照片。</description>
    </item>
    
    <item>
      <title>晚霞彩虹</title>
      <link>/blog/199.html/</link>
      <pubDate>Mon, 26 Jun 2023 00:00:00 +0000</pubDate>
      
      <guid>/blog/199.html/</guid>
      <description>短短几分钟后，彩虹就消失得无影无踪，我庆幸自己按下了快门。</description>
    </item>
    
    <item>
      <title>夜骑湘湖</title>
      <link>/blog/198.html/</link>
      <pubDate>Thu, 15 Jun 2023 00:00:00 +0000</pubDate>
      
      <guid>/blog/198.html/</guid>
      <description>突然萌生了骑行的想法，行动力很强的我立刻研究相关知识并付诸实践，两个小时36公里浅浅锻炼一下。绕着湘湖骑了一大圈，开始还有点累腿，后面慢慢就适应节奏了。 看着湖景，赏荷花，夜风迎面吹来，别有一番滋味。</description>
    </item>
    
    <item>
      <title>随想录 (10)</title>
      <link>/blog/195.html/</link>
      <pubDate>Tue, 23 May 2023 00:00:00 +0000</pubDate>
      
      <guid>/blog/195.html/</guid>
      <description>夕阳伴随着晚霞划破了云层。 下班时在路口发现的风景，记录美好的瞬间。 https://github.com/canton7/SyncTrayzor 搞定了 SyncTrayzor，一个Syncthing 的应用，可以不用挂载终端，始终在电脑后台进行同步，占用也很低，一切都是在无感下进</description>
    </item>
    
    <item>
      <title>周六爬山日常</title>
      <link>/blog/193.html/</link>
      <pubDate>Sat, 15 Apr 2023 00:00:00 +0000</pubDate>
      
      <guid>/blog/193.html/</guid>
      <description>本周行程：万松书院出发，翻越凤凰山，登顶玉皇山，俯瞰八卦田。 上周和朋友爬山，由于实力太弱拖了后腿，因此奋发图强，直接下单了一把登山杖，差生文具多。但是有一说一，登山杖是真的好用，不管是上山还是下山都很</description>
    </item>
    
    <item>
      <title>从云溪竹径到九溪烟树</title>
      <link>/blog/191.html/</link>
      <pubDate>Sun, 09 Apr 2023 00:00:00 +0000</pubDate>
      
      <guid>/blog/191.html/</guid>
      <description>这棵树刚种下的时候，还是宋朝初年。 茶园，梅家坞。</description>
    </item>
    
    <item>
      <title>西湖 · 春游</title>
      <link>/blog/190.html/</link>
      <pubDate>Sun, 26 Mar 2023 00:00:00 +0000</pubDate>
      
      <guid>/blog/190.html/</guid>
      <description>春日繁花媚不言，天高云淡乐无边。 雨过天晴添好景，走遍山川任心怜。 持续了一周的降雨，终于迎来了一天晴朗，决定去春游。 杭州西湖 - 郭庄，花圃公园打卡。</description>
    </item>
    
    <item>
      <title>博客运行1000天了</title>
      <link>/blog/188.html/</link>
      <pubDate>Fri, 10 Mar 2023 00:00:00 +0000</pubDate>
      
      <guid>/blog/188.html/</guid>
      <description>使用 openai 生成。 [大漠孤烟直，长河落日圆] 不知不觉，已经坚持写博客1000天了，从2020年6月14日开始，第一次踏入这个圈子。最开始我还会写一些技术类的文章，但随着时间的推移，这意义不大，因为类似的文章</description>
    </item>
    
    <item>
      <title>乌镇 · 南浔</title>
      <link>/blog/185.html/</link>
      <pubDate>Mon, 20 Feb 2023 00:00:00 +0000</pubDate>
      
      <guid>/blog/185.html/</guid>
      <description>周末出游，去了两个古镇，体验还不错，分享几张旅游风景照。</description>
    </item>
    
    <item>
      <title>随想录 (10) --- 我是否陷入了信息茧房？</title>
      <link>/blog/184.html/</link>
      <pubDate>Mon, 13 Feb 2023 00:00:00 +0000</pubDate>
      
      <guid>/blog/184.html/</guid>
      <description>如题，我是否陷入了信息茧房？暂时是以一个疑问句的形式出现，因为我还未确认事实真的如此。 什么是信息茧房？ 信息茧房是一种现代的网络语境下的概念，指的是某些人因过度沉溺于网络而逐渐隔离于现实世界，形成了一种</description>
    </item>
    
    <item>
      <title>一周阳人日记</title>
      <link>/blog/179.html/</link>
      <pubDate>Thu, 22 Dec 2022 00:00:00 +0000</pubDate>
      
      <guid>/blog/179.html/</guid>
      <description>不出所料，每天往返于公司，地铁，住的地方，我阳了。 很难受，客观记录一下我的症状吧。 第一天：2022/12/19 持续发烧38℃左右，没有吃药，硬抗过去。 抗原测试呈阳性，应该是第二天或者第三天了，但是前几</description>
    </item>
    
    <item>
      <title>我的2022年度总结</title>
      <link>/blog/178.html/</link>
      <pubDate>Tue, 13 Dec 2022 00:00:00 +0000</pubDate>
      
      <guid>/blog/178.html/</guid>
      <description>枯木逢春。 又到了一年一度的总结时间，回顾自己这一年做了些什么。我通常都是在最后一个月开始进行总结，预留出足够的时间让我可以好好思考与回顾，如果时间很短就会显得很仓促。没有什么主题，就是想到哪写到哪，讲</description>
    </item>
    
    <item>
      <title>贰拾肆年</title>
      <link>/blog/177.html/</link>
      <pubDate>Fri, 02 Dec 2022 00:00:00 +0000</pubDate>
      
      <guid>/blog/177.html/</guid>
      <description>越长大越不想长大，在人生的第24年经历了很多事情。</description>
    </item>
    
    <item>
      <title>未若柳絮因风起</title>
      <link>/blog/176.html/</link>
      <pubDate>Thu, 01 Dec 2022 00:00:00 +0000</pubDate>
      
      <guid>/blog/176.html/</guid>
      <description>冬天来了，杭州今年的雪来的猝不及防，前天还是十多度，今天下雪，走在路上只感到寒风刺骨。 “白雪纷纷何所似？ 撒盐空中差可拟。 未若柳絮因风起。” ps: 一切都在朝好的方向发展，纪念博客建立 900 天。</description>
    </item>
    
    <item>
      <title>11月8日月全食全程录像</title>
      <link>/blog/174.html/</link>
      <pubDate>Wed, 09 Nov 2022 00:00:00 +0000</pubDate>
      
      <guid>/blog/174.html/</guid>
      <description>转自 youtube: https://youtu.be/o0ewAMw-ftg 很遗憾我自己的手机像素不行，拍不清晰，但是肉眼可见的红，也有些壮观。</description>
    </item>
    
    <item>
      <title>霜叶红于二月花</title>
      <link>/blog/173.html/</link>
      <pubDate>Fri, 28 Oct 2022 00:00:00 +0000</pubDate>
      
      <guid>/blog/173.html/</guid>
      <description>远上寒山石径斜，白云深处有人家。 停车坐爱枫林晚，霜叶红于二月花。</description>
    </item>
    
    <item>
      <title>开发后的反省</title>
      <link>/blog/169.html/</link>
      <pubDate>Thu, 13 Oct 2022 00:00:00 +0000</pubDate>
      
      <guid>/blog/169.html/</guid>
      <description>晚上给朋友写了一个油猴脚本，场景是一个拥有很多输入框的表单，多为经常填写的一些字符串。跟我说了一下，刚好没什么事情，吃完晚饭抽两小时出来简单写了写。 需求是预设多套模板，后期可以自己添加内容，置顶在网页</description>
    </item>
    
    <item>
      <title>关于密码的一些想法</title>
      <link>/blog/167.html/</link>
      <pubDate>Wed, 21 Sep 2022 19:26:00 +0000</pubDate>
      
      <guid>/blog/167.html/</guid>
      <description>今天在坐地铁的过程中，突然想要一个问题，一个安全稳定，便于记忆的密码时什么样子的。是否要包括字母大小写，数字，以及特殊符号？ 如何设置并存储？ 我想这是必须的，但是密码如果太过复杂，就不便于记忆。而想要记</description>
    </item>
    
    <item>
      <title>你是否想过成为一名作家？</title>
      <link>/blog/166.html/</link>
      <pubDate>Wed, 14 Sep 2022 17:59:00 +0000</pubDate>
      
      <guid>/blog/166.html/</guid>
      <description>https://poets.org/poem/so-you-want-be-writer 这是曾经询问过自己的一个问题，我想很多人在年少时期可能都会有过这样的经历，渴望将自己的文字带给更多人。 这件事情大多发生在高中时期吧，如果我没记错的话。忽然想起来那个年轻段的人都有些中二，看了不少玄幻</description>
    </item>
    
    <item>
      <title>文档和视频，你更喜欢哪种学习方式？</title>
      <link>/blog/165.html/</link>
      <pubDate>Wed, 07 Sep 2022 22:21:00 +0000</pubDate>
      
      <guid>/blog/165.html/</guid>
      <description>如题，这是我今天思考的话题。灵感来源于我在dev.to网站上看到的一个帖子。对于 learning 的方式，更倾向于看文档还是视频？我觉得可以从多个维度进行分析。 学习进度，也可以说是过程 行业领域 后天应该养成什么样的习惯</description>
    </item>
    
    <item>
      <title>浴鹄湾游记</title>
      <link>/blog/164.html/</link>
      <pubDate>Sat, 03 Sep 2022 20:22:00 +0000</pubDate>
      
      <guid>/blog/164.html/</guid>
      <description>浴鹄湾，东靠杨公堤，西临三台山路，北至三台梦迹景区，南到赤山埠。</description>
    </item>
    
    <item>
      <title>水利博物馆照片</title>
      <link>/blog/162.html/</link>
      <pubDate>Mon, 22 Aug 2022 19:54:00 +0000</pubDate>
      
      <guid>/blog/162.html/</guid>
      <description>公司团建，随手拍两张照片。 白居易诗。</description>
    </item>
    
    <item>
      <title>火烧云</title>
      <link>/blog/159.html/</link>
      <pubDate>Fri, 12 Aug 2022 19:36:00 +0000</pubDate>
      
      <guid>/blog/159.html/</guid>
      <description></description>
    </item>
    
    <item>
      <title>随想录 (9)</title>
      <link>/blog/157.html/</link>
      <pubDate>Sun, 07 Aug 2022 18:47:00 +0000</pubDate>
      
      <guid>/blog/157.html/</guid>
      <description>落霞与孤鹜齐飞，秋水共长天一色。 放个图防止抑郁。 昨天看了一个帖子很有感触，土生土长的城市本地人很难体会每隔一段时间要重新建立社会关系的难受，从小到大，每到一个地方上学，从陌生变为熟悉，中间总有有一段难</description>
    </item>
    
    <item>
      <title>随想录 (8)</title>
      <link>/blog/156.html/</link>
      <pubDate>Thu, 04 Aug 2022 10:29:00 +0000</pubDate>
      
      <guid>/blog/156.html/</guid>
      <description>来自一位朋友的意难平。</description>
    </item>
    
    <item>
      <title>随想录 (7) --- 随便写的别当真</title>
      <link>/blog/153.html/</link>
      <pubDate>Fri, 29 Jul 2022 17:11:00 +0000</pubDate>
      
      <guid>/blog/153.html/</guid>
      <description>好像很久没有写随笔了，最近发生的事很多，却不是件件如人心意。上午烈日当空，下午乌云密布，也已经是常事。当然我说的是天气。 生活只是尽量让自己过的更好，喂自己一口毒鸡汤，艰难前行。 &amp;ldquo;定个小目标</description>
    </item>
    
    <item>
      <title>新闻:2022年7月8日安倍晋三遭枪击</title>
      <link>/blog/148.html/</link>
      <pubDate>Fri, 08 Jul 2022 13:04:00 +0000</pubDate>
      
      <guid>/blog/148.html/</guid>
      <description>2022年7月8日，安倍晋三在街头发表演讲时遭枪击。据奈良市消防局称，遇袭的安倍晋三目前失去意识，心肺停止。嫌疑人41岁男子山上彻也（现住奈良市）随后被控制。 相关报道: https://www.sohu.com/a/565207100_121425542 https://new.qq.com/omn/20220708/20220708A03YIA00.html</description>
    </item>
    
    <item>
      <title>好久没看到这么蓝的天</title>
      <link>/blog/147.html/</link>
      <pubDate>Sat, 02 Jul 2022 14:11:00 +0000</pubDate>
      
      <guid>/blog/147.html/</guid>
      <description>手机像素一般，更主要的是拍照手法不行，拍不出优美的感觉。</description>
    </item>
    
    <item>
      <title>usb 接口的三面性</title>
      <link>/blog/142.html/</link>
      <pubDate>Tue, 21 Jun 2022 12:22:00 +0000</pubDate>
      
      <guid>/blog/142.html/</guid>
      <description>传统的 usb 接口是一个神奇的物品，当你插入第一次的时候肯定是反方向的，所以你要反过来插第二次，但是结果仍然是插不进去。这个时候你就会发现，它存在第三面，所以当你再次反过来的时候就可以正常插进接口了。 这就是</description>
    </item>
    
    <item>
      <title>无题</title>
      <link>/blog/134.html/</link>
      <pubDate>Sat, 18 Jun 2022 13:32:00 +0000</pubDate>
      
      <guid>/blog/134.html/</guid>
      <description>当情绪破防的时候， 任何事情都是最后一根稻草。 尘埃落定。 &amp;mdash;2022/06/23</description>
    </item>
    
    <item>
      <title>随想录 (6)</title>
      <link>/blog/133.html/</link>
      <pubDate>Fri, 10 Jun 2022 12:29:00 +0000</pubDate>
      
      <guid>/blog/133.html/</guid>
      <description>随着年龄的增长，越发感觉自我想象力的缺失。 最近迷上了科幻小说，遂找到刘慈欣的小说集，大概二十多篇，花上一周时间研读完毕，只有一种惊艳的感觉，不论是文笔还是世界观架构，都令我着迷。 而大刘作为理工生，将充</description>
    </item>
    
    <item>
      <title>随想录 (5)</title>
      <link>/blog/131.html/</link>
      <pubDate>Thu, 02 Jun 2022 08:54:00 +0000</pubDate>
      
      <guid>/blog/131.html/</guid>
      <description>抽空看完了爱死机第三季，个人感受比第二季优秀，但是还是不如第一季。太过追求三者的结合，科幻与死亡的元素，不够灵活。 但是其中的剧情还是比较精彩的，比如邪神那一集，估计只有了解克苏鲁的人才能看懂，结局也比</description>
    </item>
    
    <item>
      <title>随想录 (4)</title>
      <link>/blog/127.html/</link>
      <pubDate>Fri, 13 May 2022 10:37:00 +0000</pubDate>
      
      <guid>/blog/127.html/</guid>
      <description>好事和坏事总是接踵而至，你永远不知道下一秒会发生什么。但是总有解决的办法，不是吗？但实际上我也不确定。 昨天很晚才睡，想了很多，乱七八糟的。生活哪有容易的事情，就跟摸石头过河一样，跌跌拌拌，最后才找到适</description>
    </item>
    
    <item>
      <title>随想录 (3)</title>
      <link>/blog/125.html/</link>
      <pubDate>Fri, 06 May 2022 13:23:00 +0000</pubDate>
      
      <guid>/blog/125.html/</guid>
      <description>五一假期回老家处理一些事情，收拾东西的时候，从角落里翻出来几张老照片，很有怀念意义。（2022/05/03） 好事和坏事总是接踵而至，你永远不知道下一秒会发生什么。但是总有解决的办法，不是吗？（2022</description>
    </item>
    
    <item>
      <title>随想录 (2)</title>
      <link>/blog/122.html/</link>
      <pubDate>Fri, 29 Apr 2022 09:48:00 +0000</pubDate>
      
      <guid>/blog/122.html/</guid>
      <description>今天醒的很早，原来以为是失眠，结果是早起，这两天发生的有点多，导致情绪都有些低落，精神萎靡。希望风波赶紧过去，太影响生活了。 （2022/04/25） 很喜欢雨后的阴天，骑着车，微凉的空气扑面而来，清新而</description>
    </item>
    
    <item>
      <title>关于我选择笔记系统这件小事</title>
      <link>/blog/121.html/</link>
      <pubDate>Thu, 28 Apr 2022 22:43:00 +0000</pubDate>
      
      <guid>/blog/121.html/</guid>
      <description>受年龄增长以及生活影响，人接触到的新事物和知识将会越来越多，大脑就显得有些混乱了，我也不敢保证自己的思维会始终保持一个高强度的在线状态。 因此决定整理个人知识库， 将大脑中的片段和思想整理出来。以笔记和文</description>
    </item>
    
    <item>
      <title>随想录 (1)</title>
      <link>/blog/119.html/</link>
      <pubDate>Sun, 24 Apr 2022 09:29:00 +0000</pubDate>
      
      <guid>/blog/119.html/</guid>
      <description>正式启动一周碎碎念计划，起因是无意中发现了一个网站，古天乐的博客 。看完之后震撼了，虽然每天都是很简短的一句话，但是一个习惯坚持了12年。 因为我决定仿效他的做法，看看自己是否能坚持足够长的时间。碎片化一</description>
    </item>
    
    <item>
      <title>2022 清明出游</title>
      <link>/blog/113.html/</link>
      <pubDate>Thu, 07 Apr 2022 10:21:00 +0000</pubDate>
      
      <guid>/blog/113.html/</guid>
      <description>清明过去两天了，由于出去玩了两天，身体很累等原因，再加上工作忙碌所以没有来得及记录。今天略有闲时间，整理一下随笔。 爬山&amp;mdash;杭州半山森林公园 相比于西湖等景点，半山已经算是人非常少的呢，因为疫情</description>
    </item>
    
    <item>
      <title>好久不做饭，突然上手倒也说得过去</title>
      <link>/blog/109.html/</link>
      <pubDate>Mon, 21 Mar 2022 17:36:00 +0000</pubDate>
      
      <guid>/blog/109.html/</guid>
      <description>故事前景参照上上篇文章 《小区封锁下的生活》。不想订外卖，打工人觉得饭菜太贵，并且好像味道也就那样，所以和对象打算自己动手，丰衣足食。 在美团买了一些菜，肉，水果等，可以放到小区门口，报上门牌号，会有工作</description>
    </item>
    
    <item>
      <title>小区封锁下的生活</title>
      <link>/blog/108.html/</link>
      <pubDate>Sun, 20 Mar 2022 00:15:00 +0000</pubDate>
      
      <guid>/blog/108.html/</guid>
      <description>2022年3月19日，坐标杭州，很不巧，是我最近几年经历的第一次疫情封锁小区。 小区里出现一个密切接触者，询问过医护人员，可能是疑似感染新冠病毒。来的有些突然，不过倒也在意料之中，前段时间已经在余杭区爆</description>
    </item>
    
    <item>
      <title>时隔六年我终于换电脑了</title>
      <link>/blog/105.html/</link>
      <pubDate>Thu, 03 Mar 2022 16:56:00 +0000</pubDate>
      
      <guid>/blog/105.html/</guid>
      <description>迫于我之前的电脑已经服役了六年，还是高考结束后购买的，一直陪伴我度过了整个青春 ?。 大学时写论文，作业都是通过它。 但是最近越来越严重，主要是屏幕的色域出现了一些问题，大面积发白，很伤眼睛。 其次显卡配置等</description>
    </item>
    
    <item>
      <title>“不如吃茶去”</title>
      <link>/blog/104.html/</link>
      <pubDate>Thu, 24 Feb 2022 10:29:00 +0000</pubDate>
      
      <guid>/blog/104.html/</guid>
      <description>想了很久，也算是结合自己的心境吧，打算正式起一个博客名称，以前子舒的博客，也就是挂着自己的名字，总觉得差点意思。所以现在决定更名为 &amp;lsquo;不如吃茶去&amp;rsquo;。其中含义，听我娓娓道来&amp;hel</description>
    </item>
    
    <item>
      <title>2022新春快乐</title>
      <link>/blog/99.html/</link>
      <pubDate>Mon, 31 Jan 2022 13:22:00 +0000</pubDate>
      
      <guid>/blog/99.html/</guid>
      <description>万物更新，旧疾当愈，长安常安。 今日是除夕，极目不见故土，抬头却是一片星空。 今年也是在杭州过的第三个新年，因为疫情的缘故，支持国家防疫政策。 如果所有人都祝你新年快乐，那我祝你历遍山河仍觉得人间值得。 去岁</description>
    </item>
    
    <item>
      <title>《夜幕》</title>
      <link>/blog/98.html/</link>
      <pubDate>Fri, 21 Jan 2022 12:00:00 +0000</pubDate>
      
      <guid>/blog/98.html/</guid>
      <description>0. 引言 如果再来一次的话，我不敢保证还会再做出这样的选择。 “悲剧是一种特殊的，无与伦比的喜剧。任何一种事物走到极端时，都会不可避免的朝着反方向前进。所以正确的方法应该是在随着时间的推移中，通过自身的动力</description>
    </item>
    
    <item>
      <title>读一读柏拉图的《理想国》</title>
      <link>/blog/97.html/</link>
      <pubDate>Wed, 19 Jan 2022 15:10:00 +0000</pubDate>
      
      <guid>/blog/97.html/</guid>
      <description>最近在读柏拉图的《理想国》，源于罗翔老师的推荐，让我也有一些冲动。也抱着对自己灵魂有一丝净化的作用。让浮躁的内心安静下来。 但是通书有一点诡辩的色彩，所以还是要认真分辨的。不可掉入设置的“陷阱”，就像是</description>
    </item>
    
    <item>
      <title>网易云音乐年度报告分享</title>
      <link>/blog/95.html/</link>
      <pubDate>Mon, 27 Dec 2021 15:50:00 +0000</pubDate>
      
      <guid>/blog/95.html/</guid>
      <description>我真的老了吗？看看我的网易云音乐年度报告分享吧！ 图片 图片</description>
    </item>
    
    <item>
      <title>有关 cdn.jsdelivr.net 证书错误的一些想法</title>
      <link>/blog/91.html/</link>
      <pubDate>Mon, 20 Dec 2021 14:25:00 +0000</pubDate>
      
      <guid>/blog/91.html/</guid>
      <description>记录一次不大不小的事件，2021年12月20日，cdn.jsdelivr.net 国内ip全面崩盘，说是证书出错了，然后所有使用cdn.jsdelivr.net进行加速的资源全部404。 我也是在朋友圈看</description>
    </item>
    
    <item>
      <title>闲谈2021</title>
      <link>/blog/90.html/</link>
      <pubDate>Fri, 17 Dec 2021 16:39:00 +0000</pubDate>
      
      <guid>/blog/90.html/</guid>
      <description>2021，不知不觉，又过去一年了。 因为最近也比较忙，所以一直拖到了中旬末，现在闲下心准备闲谈一下。 该说不说，坚持写博客也有500多天了，大概是我的水平有限，产出的技术文章也是寥寥无几，大多是一些笔记和</description>
    </item>
    
    <item>
      <title>关于人际交往的礼节感触</title>
      <link>/blog/4.html/</link>
      <pubDate>Wed, 24 Nov 2021 12:37:00 +0000</pubDate>
      
      <guid>/blog/4.html/</guid>
      <description>因为一件小事有感而发，在人际交往的过程中，我们通常都会关注一些细节，从而影响对一个人印象。这是一个作为人很正常的行为。 打个比方，两个人聊天，其中一个人不停拿起手机查看，就很给人一种很没有礼貌的印象。假</description>
    </item>
    
    <item>
      <title>网易云摸鱼，测测你的听歌流量</title>
      <link>/blog/84.html/</link>
      <pubDate>Thu, 18 Nov 2021 15:37:00 +0000</pubDate>
      
      <guid>/blog/84.html/</guid>
      <description>格局刚好。</description>
    </item>
    
    <item>
      <title>这两天的碎碎念</title>
      <link>/blog/83.html/</link>
      <pubDate>Thu, 11 Nov 2021 10:14:00 +0000</pubDate>
      
      <guid>/blog/83.html/</guid>
      <description>这段时间双十一，发现没有了往年那种囤货淘宝的欲望了，翻来翻去不知道买什么，包括那些活动，有好多朋友给我发链接助力我都没怎么弄，可能是生活的打磨让我对它没兴趣了吧~~ 唯一的消费活动就是买了一台服务器，腾</description>
    </item>
    
    <item>
      <title>有关国庆出行的感想</title>
      <link>/blog/79.html/</link>
      <pubDate>Thu, 07 Oct 2021 06:15:00 +0000</pubDate>
      
      <guid>/blog/79.html/</guid>
      <description>好长时间没回老家了，这次本想借着国庆七天回家一趟，顺便处理一些其他的事情。所以我从9月30日晚，与家人一同驾车回家。 艰难的回家之路 刚上高速跑得很快，原以为已经错开出行高峰期，结果发现是我想多了，不出意</description>
    </item>
    
    <item>
      <title>冷知识世界新增一个大洋变成五大洋</title>
      <link>/blog/72.html/</link>
      <pubDate>Thu, 10 Jun 2021 15:39:00 +0000</pubDate>
      
      <guid>/blog/72.html/</guid>
      <description>从6月8日世界海洋日开始，南大洋将被认定为世界第五大洋。世界上就有七大洲，五大洋啦！中学课文需要改一改了。 美国国家地理学会宣布，南极洲周围海域将被称为南大洋，并正式承认南大洋为地球第五大洋。 南大洋是海</description>
    </item>
    
    <item>
      <title>呼吸之野</title>
      <link>/blog/65.html/</link>
      <pubDate>Fri, 07 May 2021 21:48:00 +0000</pubDate>
      
      <guid>/blog/65.html/</guid>
      <description>2021许嵩第8张全创作专辑《呼吸之野》首支曲目《乌鸦》5月7日正式发行。 《乌鸦》 我们都曾领受过误解、怀疑、孤立，都品尝过爱而不得或种种挫败的滋味，都有过觉得“一切都糟透了”的时候……但感伤过后，却还</description>
    </item>
    
    <item>
      <title>基耶斯洛夫斯基和他的现实</title>
      <link>/blog/64.html/</link>
      <pubDate>Sat, 24 Apr 2021 11:47:00 +0000</pubDate>
      
      <guid>/blog/64.html/</guid>
      <description>由于博友不在维护博客，导致图片链接丢失，仅以此为纪念。 2023-06-02 文章作者: 江江_Jan 文章链接: https://blog.jannns.com/posts/Kieslowski-and-his-reality/ 版权声明: 本博客所有文章除特别声明外，均采用 CC BY-NC-SA 4.0 许可协议。转载请注明来自 江卮可乐！ 前言 克日什托夫·基耶斯洛夫</description>
    </item>
    
    <item>
      <title>清明时节雨纷纷</title>
      <link>/blog/62.html/</link>
      <pubDate>Sat, 03 Apr 2021 16:13:00 +0000</pubDate>
      
      <guid>/blog/62.html/</guid>
      <description>清明时节雨纷纷，路上行人欲断魂。 云栖竹径</description>
    </item>
    
    <item>
      <title>小张厨房日记（二）</title>
      <link>/blog/46.html/</link>
      <pubDate>Sun, 17 Jan 2021 19:59:00 +0000</pubDate>
      
      <guid>/blog/46.html/</guid>
      <description>自从上次更新厨房日记之后，好像过了两个月多，实际上我一直在进阶我的厨艺，为什么没有更新我的厨房日记呢？因为实际在做的过程中我发现，每种菜的组合太多了，没必要组合一次就写一篇攻略，那样就有些做无用功了，</description>
    </item>
    
    <item>
      <title>许嵩的歌又一次被抄袭！</title>
      <link>/blog/45.html/</link>
      <pubDate>Sat, 16 Jan 2021 20:00:00 +0000</pubDate>
      
      <guid>/blog/45.html/</guid>
      <description>最新网上爆出风风火火的一件事，许嵩的《有何不可》被抄袭，抄袭者为罗聪，《简单的幸福》。 我从14年开始听许嵩的歌，一直到现在，许多年过去了，他的歌依旧脍炙人口，从之前的抒情浪漫情歌，批判社会的思想，一直</description>
    </item>
    
    <item>
      <title>2020年度总结</title>
      <link>/blog/38.html/</link>
      <pubDate>Fri, 25 Dec 2020 13:25:00 +0000</pubDate>
      
      <guid>/blog/38.html/</guid>
      <description>年度总结这个东西很有意思（我觉得），可以静下心来好好回顾一下这一年做了些什么事情，希望我能养成这个好习惯，多总结。 这个博客是我在年中搭建起来了，到现在也将近半年了，没怎么做过seo优化，也没怎么想过推</description>
    </item>
    
    <item>
      <title>吐槽－－控制好自己的情绪</title>
      <link>/blog/34.html/</link>
      <pubDate>Sun, 13 Dec 2020 13:11:00 +0000</pubDate>
      
      <guid>/blog/34.html/</guid>
      <description>缘于一些小事，本想发在朋友圈里，但是熟人挺多，不方便发，就在博客里吐槽一下 一个正常的人际交往应该是互相传递出好的情绪，开心的事情，这样不但有利于两个人之间的交往，而且对个人对身心健康也是有帮助的 正面的</description>
    </item>
    
    <item>
      <title>关于react的一份学习计划</title>
      <link>/blog/31.html/</link>
      <pubDate>Fri, 27 Nov 2020 13:08:00 +0000</pubDate>
      
      <guid>/blog/31.html/</guid>
      <description>有关react框架的学习计划，除了之前推荐的react开源作者写的学习建议，我还参考了阮一峰的react实例教程，写的通俗易懂，又难易并进，可以很快的掌握react的核心要点 之前说了，为了公司的项目决</description>
    </item>
    
    <item>
      <title>对全栈的一些思考</title>
      <link>/blog/10.html/</link>
      <pubDate>Fri, 18 Sep 2020 21:10:00 +0000</pubDate>
      
      <guid>/blog/10.html/</guid>
      <description>这里我要推荐一本书，叫做《Web全栈工程师的自我修养》，在看的过程中，自己也代入进去进行分析，然后写了这篇笔记。 “全栈工程师正在成为IT行业的新秀，无论是在上市互联网公司还是在创业公司，都对全栈工程师</description>
    </item>
    
    <item>
      <title>推荐书籍《CSS世界》</title>
      <link>/blog/7.html/</link>
      <pubDate>Tue, 11 Aug 2020 21:09:00 +0000</pubDate>
      
      <guid>/blog/7.html/</guid>
      <description>本书从前端开发人员的需求出发，以“流”为线索，从结构、内容到美化装饰灯方面，全面且深入地讲解前端开发人员必须了解和掌握的大量的CSS知识点。同时，作者结合多年的从业经验，通过大量的实战案例，详尽解析C</description>
    </item>
    
    <item>
      <title>hello, world</title>
      <link>/blog/1.html/</link>
      <pubDate>Sun, 14 Jun 2020 00:00:00 +0000</pubDate>
      
      <guid>/blog/1.html/</guid>
      <description>2020年6月14日 我的博客正式建立。 愿一切安好。</description>
    </item>
    
  </channel>
</rss>
