<?xml version="1.0" encoding="utf-8" standalone="yes"?>
<rss version="2.0" xmlns:atom="http://www.w3.org/2005/Atom">
  <channel>
    <title>电影 on 子舒的博客</title>
    <link>/tags/%E7%94%B5%E5%BD%B1/</link>
    <description>Recent content in 电影 on 子舒的博客</description>
    <generator>Hugo -- gohugo.io</generator>
    <language>en-us</language>
    <lastBuildDate>Sat, 24 Apr 2021 11:47:00 +0000</lastBuildDate><atom:link href="/tags/%E7%94%B5%E5%BD%B1/index.xml" rel="self" type="application/rss+xml" />
    <item>
      <title>基耶斯洛夫斯基和他的现实</title>
      <link>/blog/64.html/</link>
      <pubDate>Sat, 24 Apr 2021 11:47:00 +0000</pubDate>
      
      <guid>/blog/64.html/</guid>
      <description>由于博友不在维护博客，导致图片链接丢失，仅以此为纪念。 2023-06-02 文章作者: 江江_Jan 文章链接: https://blog.jannns.com/posts/Kieslowski-and-his-reality/ 版权声明: 本博客所有文章除特别声明外，均采用 CC BY-NC-SA 4.0 许可协议。转载请注明来自 江卮可乐！ 前言 克日什托夫·基耶斯洛夫</description>
    </item>
    
  </channel>
</rss>
