<?xml version="1.0" encoding="utf-8" standalone="yes"?>
<rss version="2.0" xmlns:atom="http://www.w3.org/2005/Atom">
  <channel>
    <title>旅游 on 子舒的博客</title>
    <link>/tags/%E6%97%85%E6%B8%B8/</link>
    <description>Recent content in 旅游 on 子舒的博客</description>
    <generator>Hugo -- gohugo.io</generator>
    <language>en-us</language>
    <lastBuildDate>Sat, 15 Apr 2023 00:00:00 +0000</lastBuildDate><atom:link href="/tags/%E6%97%85%E6%B8%B8/index.xml" rel="self" type="application/rss+xml" />
    <item>
      <title>周六爬山日常</title>
      <link>/blog/193.html/</link>
      <pubDate>Sat, 15 Apr 2023 00:00:00 +0000</pubDate>
      
      <guid>/blog/193.html/</guid>
      <description>本周行程：万松书院出发，翻越凤凰山，登顶玉皇山，俯瞰八卦田。 上周和朋友爬山，由于实力太弱拖了后腿，因此奋发图强，直接下单了一把登山杖，差生文具多。但是有一说一，登山杖是真的好用，不管是上山还是下山都很</description>
    </item>
    
    <item>
      <title>从云溪竹径到九溪烟树</title>
      <link>/blog/191.html/</link>
      <pubDate>Sun, 09 Apr 2023 00:00:00 +0000</pubDate>
      
      <guid>/blog/191.html/</guid>
      <description>这棵树刚种下的时候，还是宋朝初年。 茶园，梅家坞。</description>
    </item>
    
    <item>
      <title>乌镇 · 南浔</title>
      <link>/blog/185.html/</link>
      <pubDate>Mon, 20 Feb 2023 00:00:00 +0000</pubDate>
      
      <guid>/blog/185.html/</guid>
      <description>周末出游，去了两个古镇，体验还不错，分享几张旅游风景照。</description>
    </item>
    
    <item>
      <title>2022 清明出游</title>
      <link>/blog/113.html/</link>
      <pubDate>Thu, 07 Apr 2022 10:21:00 +0000</pubDate>
      
      <guid>/blog/113.html/</guid>
      <description>清明过去两天了，由于出去玩了两天，身体很累等原因，再加上工作忙碌所以没有来得及记录。今天略有闲时间，整理一下随笔。 爬山&amp;mdash;杭州半山森林公园 相比于西湖等景点，半山已经算是人非常少的呢，因为疫情</description>
    </item>
    
    <item>
      <title>清明时节雨纷纷</title>
      <link>/blog/62.html/</link>
      <pubDate>Sat, 03 Apr 2021 16:13:00 +0000</pubDate>
      
      <guid>/blog/62.html/</guid>
      <description>清明时节雨纷纷，路上行人欲断魂。 云栖竹径</description>
    </item>
    
  </channel>
</rss>
