<?xml version="1.0" encoding="utf-8" standalone="yes"?>
<rss version="2.0" xmlns:atom="http://www.w3.org/2005/Atom">
  <channel>
    <title>时间戳 on 子舒的博客</title>
    <link>/tags/%E6%97%B6%E9%97%B4%E6%88%B3/</link>
    <description>Recent content in 时间戳 on 子舒的博客</description>
    <generator>Hugo -- gohugo.io</generator>
    <language>en-us</language>
    <lastBuildDate>Thu, 10 Mar 2022 17:33:00 +0000</lastBuildDate><atom:link href="/tags/%E6%97%B6%E9%97%B4%E6%88%B3/index.xml" rel="self" type="application/rss+xml" />
    <item>
      <title>sql中时间戳转日期</title>
      <link>/blog/107.html/</link>
      <pubDate>Thu, 10 Mar 2022 17:33:00 +0000</pubDate>
      
      <guid>/blog/107.html/</guid>
      <description>需求: 我将博客和 typecho 后台结合起来，打算做一个在线说说的功能，在 typecho 中输入内容，然后调用接口，实现在我的博客查看说说功能的功能。是不是有点绕？我也这么觉得，但是折腾一下也挺好的。 typecho 导出的数据默认是时间戳格式</description>
    </item>
    
  </channel>
</rss>
