<?xml version="1.0" encoding="utf-8" standalone="yes"?>
<rss version="2.0" xmlns:atom="http://www.w3.org/2005/Atom">
  <channel>
    <title>浏览器 on 子舒的博客</title>
    <link>/tags/%E6%B5%8F%E8%A7%88%E5%99%A8/</link>
    <description>Recent content in 浏览器 on 子舒的博客</description>
    <generator>Hugo -- gohugo.io</generator>
    <language>en-us</language>
    <lastBuildDate>Wed, 26 Jan 2022 14:20:00 +0000</lastBuildDate><atom:link href="/tags/%E6%B5%8F%E8%A7%88%E5%99%A8/index.xml" rel="self" type="application/rss+xml" />
    <item>
      <title>如何使用谷歌插件为网站注入代码</title>
      <link>/blog/100.html/</link>
      <pubDate>Wed, 26 Jan 2022 14:20:00 +0000</pubDate>
      
      <guid>/blog/100.html/</guid>
      <description>在浏览网站时，受限于网站的缺陷，我们通常都会写一些脚本和插件来进行扩展，常规方法有油猴和谷歌插件两种，油猴也是一种插件，使用起来很方便，今天要讲的是如何通过谷歌插件进行注入。 按照结构生成下面几个文件 |chrome-plugin</description>
    </item>
    
    <item>
      <title>IE10的兼容性处理</title>
      <link>/blog/56.html/</link>
      <pubDate>Thu, 18 Mar 2021 22:15:00 +0000</pubDate>
      
      <guid>/blog/56.html/</guid>
      <description>IE10不支持箭头函数，写js的时候慎用。 IE10下对js的语法要求严格，正常参数后如果没有多余的代码，写个,会报错，如果加了删掉就OK，Chrome下不会产生影响。 zoom属性能不用，尽量别用。我在</description>
    </item>
    
    <item>
      <title>chrome浏览器无法显示12px以下的字体</title>
      <link>/blog/52.html/</link>
      <pubDate>Fri, 26 Feb 2021 22:38:00 +0000</pubDate>
      
      <guid>/blog/52.html/</guid>
      <description>最近正在面试，遇到了很多有意思的东西，比如今天，在面试前先做了一套面试题，其中有这么一道题，觉得挺有意思，之前也没见过，就打算记录下来： &amp;lt;!-- chrome浏览器12px字体大小以下无法显示，均显示为12p</description>
    </item>
    
    <item>
      <title>chrome浏览器中对autoplay的一些处理技巧</title>
      <link>/blog/8.html/</link>
      <pubDate>Fri, 11 Sep 2020 21:08:00 +0000</pubDate>
      
      <guid>/blog/8.html/</guid>
      <description>我在写博客的时候，想给博客网页添加自己喜欢的音乐，这样我在写作和阅读的时候，心情也会比较愉悦，这个时候，我们就需要用到audio这个标签。 &amp;lt;audio src=&amp;#34;&amp;#34;&amp;gt;&amp;lt;/audio&amp;gt; 同时audio标签还带有很多实用的属性，常用的有以下几个：</description>
    </item>
    
  </channel>
</rss>
