<?xml version="1.0" encoding="utf-8" standalone="yes"?>
<rss version="2.0" xmlns:atom="http://www.w3.org/2005/Atom">
  <channel>
    <title>数据库 on 子舒的博客</title>
    <link>/tags/%E6%95%B0%E6%8D%AE%E5%BA%93/</link>
    <description>Recent content in 数据库 on 子舒的博客</description>
    <generator>Hugo -- gohugo.io</generator>
    <language>en-us</language>
    <lastBuildDate>Tue, 22 Feb 2022 17:12:00 +0000</lastBuildDate><atom:link href="/tags/%E6%95%B0%E6%8D%AE%E5%BA%93/index.xml" rel="self" type="application/rss+xml" />
    <item>
      <title>【笔记】使用php写接口文件调用数据</title>
      <link>/blog/103.html/</link>
      <pubDate>Tue, 22 Feb 2022 17:12:00 +0000</pubDate>
      
      <guid>/blog/103.html/</guid>
      <description>如何使用 php 写一个接口，然后将数据以 json 文件格式调用。 &amp;lt;?php header(&amp;#39;Content-Type:application/json; charset=utf-8&amp;#39;); header(&amp;#34;Access-Control-Allow-Origin:*&amp;#34;); $servername = &amp;#34;localhost&amp;#34;; $username = &amp;#34;数据库账号&amp;#34;; $password = &amp;#34;数据库密码&amp;#34;; $dbname = &amp;#34;数据库名称&amp;#34;; // 创建连接 $conn = new mysqli($servername, $username, $password, $dbname); // 检</description>
    </item>
    
    <item>
      <title>使用Love主题的数据库</title>
      <link>/blog/101.html/</link>
      <pubDate>Tue, 25 Jan 2022 11:39:00 +0000</pubDate>
      
      <guid>/blog/101.html/</guid>
      <description>基于typecho中的LOVE主题备份的一个数据库文件，因为需要写一百个文章，将名字一一打字进去，非常耗时间和精力，所以我做了这个数据库，可以直接使用。 作者没有贴Github地址，就直接指向主题列表说</description>
    </item>
    
    <item>
      <title>将数据库中的图片信息导出并调用</title>
      <link>/blog/73.html/</link>
      <pubDate>Fri, 09 Jul 2021 21:03:00 +0000</pubDate>
      
      <guid>/blog/73.html/</guid>
      <description>接口链接：http://121.196.166.173/img/img.php 展示demo：http://121.196.166.173/img 前言 为了写博客以及其他的一些用途，我使用服务器搭建了一个</description>
    </item>
    
    <item>
      <title>Oracle数据库安装教程（超详细）</title>
      <link>/blog/68.html/</link>
      <pubDate>Thu, 13 May 2021 14:51:00 +0000</pubDate>
      
      <guid>/blog/68.html/</guid>
      <description>转载自：https://www.moeor.com/26.html 前言 本教程讲解Oracle Database Express Edition (XE) Release 11.2.0.2.0 (11gR2)版本的下载安装教程！ 该版本是一个便携式安装版本，直接安装，就可以了，非常方便。 由于</description>
    </item>
    
  </channel>
</rss>
