<?xml version="1.0" encoding="utf-8" standalone="yes"?>
<rss version="2.0" xmlns:atom="http://www.w3.org/2005/Atom">
  <channel>
    <title>厨房 on 子舒的博客</title>
    <link>/tags/%E5%8E%A8%E6%88%BF/</link>
    <description>Recent content in 厨房 on 子舒的博客</description>
    <generator>Hugo -- gohugo.io</generator>
    <language>en-us</language>
    <lastBuildDate>Sun, 17 Jan 2021 19:59:00 +0000</lastBuildDate><atom:link href="/tags/%E5%8E%A8%E6%88%BF/index.xml" rel="self" type="application/rss+xml" />
    <item>
      <title>小张厨房日记（二）</title>
      <link>/blog/46.html/</link>
      <pubDate>Sun, 17 Jan 2021 19:59:00 +0000</pubDate>
      
      <guid>/blog/46.html/</guid>
      <description>自从上次更新厨房日记之后，好像过了两个月多，实际上我一直在进阶我的厨艺，为什么没有更新我的厨房日记呢？因为实际在做的过程中我发现，每种菜的组合太多了，没必要组合一次就写一篇攻略，那样就有些做无用功了，</description>
    </item>
    
    <item>
      <title>小张厨房日记（更新中...）</title>
      <link>/blog/14.html/</link>
      <pubDate>Mon, 09 Nov 2020 21:13:00 +0000</pubDate>
      
      <guid>/blog/14.html/</guid>
      <description>厨房日记，记录我的&amp;rsquo;高光&amp;rsquo;时刻 今日菜谱 莴笋炒肉 准备食材：两根莴笋，一块猪肉，两只青椒 调料：盐，酱油，醋，油，料酒，姜，蒜 炒菜前10分钟将猪肉从冰箱取出，放进碗中，用水浸解冻 将莴</description>
    </item>
    
  </channel>
</rss>
