<?xml version="1.0" encoding="utf-8" standalone="yes"?>
<rss version="2.0" xmlns:atom="http://www.w3.org/2005/Atom">
  <channel>
    <title>canvas on 子舒的博客</title>
    <link>/tags/canvas/</link>
    <description>Recent content in canvas on 子舒的博客</description>
    <generator>Hugo -- gohugo.io</generator>
    <language>en-us</language>
    <lastBuildDate>Tue, 29 Mar 2022 13:08:00 +0000</lastBuildDate><atom:link href="/tags/canvas/index.xml" rel="self" type="application/rss+xml" />
    <item>
      <title>在vue中制作canvas波浪图</title>
      <link>/blog/111.html/</link>
      <pubDate>Tue, 29 Mar 2022 13:08:00 +0000</pubDate>
      
      <guid>/blog/111.html/</guid>
      <description>新建组件 Canvas.vue 。 // @/components/Canvas.vue &amp;lt;template&amp;gt; &amp;lt;div :style=&amp;#34;{ height: waveAllHeight + &amp;#39;px&amp;#39;, background: bgColor }&amp;#34; class=&amp;#34;wave&amp;#34;&amp;gt; &amp;lt;canvas id=&amp;#34;wave1&amp;#34;&amp;gt;&amp;lt;/canvas&amp;gt; &amp;lt;canvas id=&amp;#34;wave2&amp;#34;&amp;gt;&amp;lt;/canvas&amp;gt; &amp;lt;canvas id=&amp;#34;wave3&amp;#34;&amp;gt;&amp;lt;/canvas&amp;gt; &amp;lt;/div&amp;gt; &amp;lt;/template&amp;gt; &amp;lt;script&amp;gt; export default { name: &amp;#34;Canvas&amp;#34;, props: { bgColor: { default: &amp;#34;none&amp;#34;, }, // 背景色 waveAllHeight: { default: 160 }, // 波浪的整体高度 waveCount: { default: 2 }, // 波峰个数 waveHeight: { default: 50 }, // 波浪起伏高度 // 波浪颜色 waveColor: { default () { return [ &amp;#34;#f3f3f3&amp;#34;, &amp;#34;#f3f3f3&amp;#34;, &amp;#34;#f3f3f3&amp;#34;, ]; }, }, // 波浪</description>
    </item>
    
  </channel>
</rss>
