<?xml version="1.0" encoding="utf-8" standalone="yes"?>
<rss version="2.0" xmlns:atom="http://www.w3.org/2005/Atom">
  <channel>
    <title>读书 on 子舒的博客</title>
    <link>/tags/%E8%AF%BB%E4%B9%A6/</link>
    <description>Recent content in 读书 on 子舒的博客</description>
    <generator>Hugo -- gohugo.io</generator>
    <language>en-us</language>
    <lastBuildDate>Wed, 19 Jan 2022 15:10:00 +0000</lastBuildDate><atom:link href="/tags/%E8%AF%BB%E4%B9%A6/index.xml" rel="self" type="application/rss+xml" />
    <item>
      <title>读一读柏拉图的《理想国》</title>
      <link>/blog/97.html/</link>
      <pubDate>Wed, 19 Jan 2022 15:10:00 +0000</pubDate>
      
      <guid>/blog/97.html/</guid>
      <description>最近在读柏拉图的《理想国》，源于罗翔老师的推荐，让我也有一些冲动。也抱着对自己灵魂有一丝净化的作用。让浮躁的内心安静下来。 但是通书有一点诡辩的色彩，所以还是要认真分辨的。不可掉入设置的“陷阱”，就像是</description>
    </item>
    
    <item>
      <title>对全栈的一些思考</title>
      <link>/blog/10.html/</link>
      <pubDate>Fri, 18 Sep 2020 21:10:00 +0000</pubDate>
      
      <guid>/blog/10.html/</guid>
      <description>这里我要推荐一本书，叫做《Web全栈工程师的自我修养》，在看的过程中，自己也代入进去进行分析，然后写了这篇笔记。 “全栈工程师正在成为IT行业的新秀，无论是在上市互联网公司还是在创业公司，都对全栈工程师</description>
    </item>
    
    <item>
      <title>推荐书籍《CSS世界》</title>
      <link>/blog/7.html/</link>
      <pubDate>Tue, 11 Aug 2020 21:09:00 +0000</pubDate>
      
      <guid>/blog/7.html/</guid>
      <description>本书从前端开发人员的需求出发，以“流”为线索，从结构、内容到美化装饰灯方面，全面且深入地讲解前端开发人员必须了解和掌握的大量的CSS知识点。同时，作者结合多年的从业经验，通过大量的实战案例，详尽解析C</description>
    </item>
    
  </channel>
</rss>
