<?xml version="1.0" encoding="utf-8" standalone="yes"?>
<rss version="2.0" xmlns:atom="http://www.w3.org/2005/Atom">
  <channel>
    <title>axios on 子舒的博客</title>
    <link>/tags/axios/</link>
    <description>Recent content in axios on 子舒的博客</description>
    <generator>Hugo -- gohugo.io</generator>
    <language>en-us</language>
    <lastBuildDate>Tue, 08 Jun 2021 21:02:00 +0000</lastBuildDate><atom:link href="/tags/axios/index.xml" rel="self" type="application/rss+xml" />
    <item>
      <title>在 vue 中使用 axios 调用数据</title>
      <link>/blog/71.html/</link>
      <pubDate>Tue, 08 Jun 2021 21:02:00 +0000</pubDate>
      
      <guid>/blog/71.html/</guid>
      <description>如何在 vue 中完成一次接口的调用？首选就是 axios，方便快捷又好用，支持各种 api ,封装也很方便。 先用 node 安装一下。 npm install axios 然后在 main.js 文件中引入。 import axios from &amp;#39;axios&amp;#39; import VueAxios from &amp;#39;vue-axios&amp;#39; Vue.use(VueAxios, axios) 以我的一个工程目录作为实例，看一下代码。 // ListThere.vue //</description>
    </item>
    
  </channel>
</rss>
