<?xml version="1.0" encoding="utf-8" standalone="yes"?>
<rss version="2.0" xmlns:atom="http://www.w3.org/2005/Atom">
  <channel>
    <title>技术 on 子舒的博客</title>
    <link>/categories/%E6%8A%80%E6%9C%AF/</link>
    <description>Recent content in 技术 on 子舒的博客</description>
    <generator>Hugo -- gohugo.io</generator>
    <language>en-us</language>
    <lastBuildDate>Thu, 29 Jun 2023 00:00:00 +0000</lastBuildDate><atom:link href="/categories/%E6%8A%80%E6%9C%AF/index.xml" rel="self" type="application/rss+xml" />
    <item>
      <title>aos 事件触发失败</title>
      <link>/blog/200.html/</link>
      <pubDate>Thu, 29 Jun 2023 00:00:00 +0000</pubDate>
      
      <guid>/blog/200.html/</guid>
      <description>项目中遇到这个问题，网页往下滑动时加载 aos 事件触发不了，原因也很简单，因为 aos.js 是在页面加载时获取页面高度从而绑定一些事件进去，但是如果这个文件加载速度比框架加载的快，会导致两者高度不一致，从而动画效果触发</description>
    </item>
    
    <item>
      <title>vue2 中引入 Ant Design 报错问题</title>
      <link>/blog/197.html/</link>
      <pubDate>Tue, 06 Jun 2023 00:00:00 +0000</pubDate>
      
      <guid>/blog/197.html/</guid>
      <description>https://1x.antdv.com/docs/vue/getting-started-cn/ 根据 Ant Design 官方文档，在 vue2 中安装组件时使用指令： npm i --save ant-design-vue 但在实际操作中会出现问题，它仅适用于 vue3 项目，在 vue2 中需要带上相匹配的版本号。 npm i --save ant-design-vue@1.7.8 // main.js import Antd from &amp;#39;ant-design-vue&amp;#39;; import &amp;#39;ant-design-vue/dist/antd.css&amp;#39;; Vue.use(Antd);</description>
    </item>
    
    <item>
      <title>关于 HugoFast 这个项目</title>
      <link>/blog/196.html/</link>
      <pubDate>Fri, 02 Jun 2023 00:00:00 +0000</pubDate>
      
      <guid>/blog/196.html/</guid>
      <description>项目来源于我的突发奇想，并且基于热爱折腾的心理，利用GitHub本身提供的Api，将博客管理面板化。 目前仅支持 hugo，其他程序有对应的工具，就不造轮子了。 Github: https://github.com/imzsh/HugoFast 网站: https://hugofast.netlify.app/ 用户文档: https://hugofast-docs.netlify.app/ 1. 自托管 前往 https://github.com/imzsh/HugoFast fork 本项</description>
    </item>
    
    <item>
      <title>hugo纯静态编写一个字数统计脚本</title>
      <link>/blog/194.html/</link>
      <pubDate>Sat, 13 May 2023 00:00:00 +0000</pubDate>
      
      <guid>/blog/194.html/</guid>
      <description>早上起来的时候看到微信群中有博友分享自己的建站时间，聊着聊着说到总字数上面，这时我才发现我的网站没有统计的地方，索性就自己写一个吧，因为是静态博客，所以不涉及后端、服务器等，只用前端的方式来解决。 这里</description>
    </item>
    
    <item>
      <title>Github Actions 自动化打包流程</title>
      <link>/blog/192.html/</link>
      <pubDate>Thu, 13 Apr 2023 00:00:00 +0000</pubDate>
      
      <guid>/blog/192.html/</guid>
      <description>Github Actions 监听仓库 commit 事件，然后执行自动化打包流程，并通过第三方平台自动部署，发布非常方便。 name: Build on: push: branches: - main jobs: build: runs-on: ubuntu-latest steps: - name: Checkout code uses: actions/checkout@v2 - name: Install dependencies run: npm install - name: Build run: npm run build - name: Commit changes run: | git config --global user.email &amp;#34;youremail&amp;#34; git config --global user.name &amp;#34;username&amp;#34; git add . git commit -m &amp;#34;Action bot commit&amp;#34; -</description>
    </item>
    
    <item>
      <title>用原生js给网站写个搜索功能</title>
      <link>/blog/189.html/</link>
      <pubDate>Fri, 17 Mar 2023 00:00:00 +0000</pubDate>
      
      <guid>/blog/189.html/</guid>
      <description>本文也算是一篇教程，可以给 hugo 网站加个搜索功能，并且实现热更新，体验感更好。 如果是其他程序，只需要按照特定的模板生成以下格式的文件即可，主要代码从 第2部分 开始，第一章节写的是如何用 hugo 输出文章列表 json 文件。</description>
    </item>
    
    <item>
      <title>GitHub生成一个新的ssh密钥</title>
      <link>/blog/187.html/</link>
      <pubDate>Thu, 09 Mar 2023 00:00:00 +0000</pubDate>
      
      <guid>/blog/187.html/</guid>
      <description>要在GitHub上生成新的SSH密钥，请按照以下步骤操作： 打开终端或命令提示符。 输入以下命令：将&amp;quot;your_email@example.com&amp;quot;替换为您在GitHub上注册的电子邮</description>
    </item>
    
    <item>
      <title>this.$set 给 vue 数组添加数据</title>
      <link>/blog/186.html/</link>
      <pubDate>Sun, 05 Mar 2023 00:00:00 +0000</pubDate>
      
      <guid>/blog/186.html/</guid>
      <description>Vue 不允许在已经创建的实例上动态添加新的根级响应式属性，它可以使用 Vue.set(object, key, value) 方法将响应属性添加到嵌套的对象上。 如果直接给数组添加对象，视图不会更新，但是可以输出正确的值；只有通过 this.$set 覆盖才可以更新视图。 for (let i</description>
    </item>
    
    <item>
      <title>如何让 hugo 支持渲染 html 代码？</title>
      <link>/blog/183.html/</link>
      <pubDate>Sat, 04 Feb 2023 00:00:00 +0000</pubDate>
      
      <guid>/blog/183.html/</guid>
      <description>想在文章中插入 iframe, video, 以及其他比如 summar y等标签，可以配置一下 config 文件。 如果是 config.toml，加上下面配置； [markup] [markup.goldmark] [markup.goldmark.renderer] unsafe = true 如果是 config.yaml，加上下面配置； markup: goldmark: renderer: unsafe: true 这样就可以在文章中插入 iframe, video, 以</description>
    </item>
    
    <item>
      <title>使用 cloudflare 反代 gravatar 免费生成国内镜像</title>
      <link>/blog/182.html/</link>
      <pubDate>Wed, 01 Feb 2023 00:00:00 +0000</pubDate>
      
      <guid>/blog/182.html/</guid>
      <description>cloudflare 有一个非常好用的功能&amp;mdash;Workers，可以在无服务器的状态下运行一些程序，包括常见的反向代理等。 所以我利用这一功能实现对 gravatar 反代，达到国内访问加速的目的。 话不多说，开始流程操作，分享我的部</description>
    </item>
    
    <item>
      <title>利用 memos 生成的在线动态列表</title>
      <link>/blog/181.html/</link>
      <pubDate>Mon, 09 Jan 2023 00:00:00 +0000</pubDate>
      
      <guid>/blog/181.html/</guid>
      <description>memos 是一个具有知识管理和社交功能的开源自托管备忘录中心。 Github地址：https://github.com/usememos/memos 可以用它本身提供的 api，然后结合静态博客，做成一个在线的动态</description>
    </item>
    
    <item>
      <title>分享一个页面点击特效</title>
      <link>/blog/180.html/</link>
      <pubDate>Fri, 06 Jan 2023 00:00:00 +0000</pubDate>
      
      <guid>/blog/180.html/</guid>
      <description>点击页面时可以弹出随机颜色小心心，目前我的网站就使用了这个特效。 直接将下面的代码复制到引入的 js 文件中即可，不用进行其他配置。 !function(e,t,a){function n(){c(&amp;#34;.heart{width: 10px;height: 10px;position: fixed;background: #f00;transform: rotate(45deg);-webkit-transform: rotate(45deg);-moz-transform: rotate(45deg);}.heart:after,.heart:before{content: &amp;#39;&amp;#39;;width: inherit;height: inherit;background: inherit;border-radius: 50%;-webkit-border-radius: 50%;-moz-border-radius: 50%;position: fixed;}.heart:after{top: -5px;}.heart:before{left: -5px;}&amp;#34;),o(),r()}function r(){for(var e=0;e&amp;lt;d.length;e++)d[e].alpha&amp;lt;=0?(t.body.removeChild(d[e].el),d.splice(e,1)):(d[e].y--,d[e].scale+=.004,d[e].alpha-=.013,d[e].el.style.cssText=&amp;#34;left:&amp;#34;+d[e].x+&amp;#34;px;top:&amp;#34;+d[e].y+&amp;#34;px;opacity:&amp;#34;+d[e].alpha+&amp;#34;;transform:scale(&amp;#34;+d[e].scale+&amp;#34;,&amp;#34;+d[e].scale+&amp;#34;) rotate(45deg);background:&amp;#34;+d[e].color+&amp;#34;;z-index:99999&amp;#34;);requestAnimationFrame(r)}function o(){var t=&amp;#34;function&amp;#34;==typeof e.onclick&amp;amp;&amp;amp;e.onclick;e.onclick=function(e){t&amp;amp;&amp;amp;t(),i(e)}}function i(e){var a=t.createElement(&amp;#34;div&amp;#34;);a.className=&amp;#34;heart&amp;#34;,d.push({el:a,x:e.clientX-5,y:e.clientY-5,scale:1,alpha:1,color:s()}),t.body.appendChild(a)}function c(e){var a=t.createElement(&amp;#34;style&amp;#34;);a.type=&amp;#34;text/css&amp;#34;;try{a.appendChild(t.createTextNode(e))}catch(t){a.styleSheet.cssText=e}t.getElementsByTagName(&amp;#34;head&amp;#34;)[0].appendChild(a)}function s(){return&amp;#34;rgb(&amp;#34;+~~(255*Math.random())+&amp;#34;,&amp;#34;+~~(255*Math.random())+&amp;#34;,&amp;#34;+~~(255*Math.random())+&amp;#34;)&amp;#34;}var d=[];e.requestAnimationFrame=function(){return e.requestAnimationFrame||e.webkitRequestAnimationFrame||e.mozRequestAnimationFrame||e.oRequestAnimationFrame||e.msRequestAnimationFrame||function(e){setTimeout(e,1e3/60)}}(),n()}(window,document);</description>
    </item>
    
    <item>
      <title>js中 [ ]&#43;{ } 和 { }&#43;[ ] 的区别</title>
      <link>/blog/175.html/</link>
      <pubDate>Tue, 15 Nov 2022 00:00:00 +0000</pubDate>
      
      <guid>/blog/175.html/</guid>
      <description>[ ]+{ }：一个数组加一个对象。 加法会进行隐式类型转换，规则是调用其valueOf()或toString()以取得一个非对象的值(primitive value)。 如果两个值中的任何一个是字符串，则进行字符</description>
    </item>
    
    <item>
      <title>安装一个基于 Github 的静态图床程序</title>
      <link>/blog/172.html/</link>
      <pubDate>Sat, 22 Oct 2022 00:00:00 +0000</pubDate>
      
      <guid>/blog/172.html/</guid>
      <description>demo: https://img.zburu.com/ 今天分享一下如何使用 Github 作为图床，首先就要推荐这个工具 picx 。 Github 仓库: https://github.com/XPoet/picx 本文的图片全部使用该工具上传，然后通过 Staticaly 进行cdn加速（这个在上传的时候自动生成链接。） 可以设置自动压缩、转码成 webp 格式。 基于 GitHub API 开</description>
    </item>
    
    <item>
      <title>localStorage 的相关运用</title>
      <link>/blog/171.html/</link>
      <pubDate>Thu, 20 Oct 2022 00:00:00 +0000</pubDate>
      
      <guid>/blog/171.html/</guid>
      <description>localStorage 是浏览器自带的一个属性，只读的localStorage 属性允许你访问一个Document 源（origin）的对象 Storage；存储的数据将保存在浏览器会话中。localStorage 类似 sessi</description>
    </item>
    
    <item>
      <title>hugo 一键打包并上传 github</title>
      <link>/blog/170.html/</link>
      <pubDate>Fri, 14 Oct 2022 00:00:00 +0000</pubDate>
      
      <guid>/blog/170.html/</guid>
      <description>分享一个 hugo 一键打包并上传 github 的方法，前提是你之前上传过 GitHub 仓库。 采用 window 支持的 sh可执行文件，在根目录新建一个 hugo.sh 文件，里面放上一些命令。 hugo # cd public time=$(date &amp;#34;+%Y-%m-%d %H:%M:%S&amp;#34;) echo $time git add . git commit -m &amp;#34;自动执行构建脚本 🎓$time&amp;</description>
    </item>
    
    <item>
      <title>将数组中多个对象的同名属性值取出合并成新数组</title>
      <link>/blog/168.html/</link>
      <pubDate>Mon, 26 Sep 2022 00:00:00 +0000</pubDate>
      
      <guid>/blog/168.html/</guid>
      <description>业务中需求的方法，接口返回一个数组，里面包含了大量的对象，具有同名的属性名，比较常见。但是需要将其中参数为name的属性值全部取出，合并成数组。 const num = [ { id: 1, name: &amp;#39;abc&amp;#39;, }, { id: 2, name: &amp;#39;xyz&amp;#39;, } ] function getFields(arrnum, field) { const resnum = []; for (let i</description>
    </item>
    
    <item>
      <title>一些容易遗漏的点</title>
      <link>/blog/158.html/</link>
      <pubDate>Wed, 10 Aug 2022 17:48:00 +0000</pubDate>
      
      <guid>/blog/158.html/</guid>
      <description>监听对象时如果值是null会报错，默认值设置为{}； for in 只能遍历对象 i in 4是错误的写法； 动态获取数组-拼接传参 var arr = [ &amp;#34;单位1&amp;#34;, &amp;#34;单位2&amp;#34;, &amp;#34;单位3&amp;#34;</description>
    </item>
    
    <item>
      <title>win11 使用 10版本的鼠标右键设置</title>
      <link>/blog/155.html/</link>
      <pubDate>Tue, 02 Aug 2022 16:39:00 +0000</pubDate>
      
      <guid>/blog/155.html/</guid>
      <description>实测好用，没有坑。 管理员权限下打开终端，输入。 reg add &amp;#34;HKCU\Software\Classes\CLSID\{86ca1aa0-34aa-4e8b-a509-50c905bae2a2}\InprocServer32&amp;#34; /f /ve 随后重新启动资源管理器即可 taskkill /f /im explorer.exe &amp;amp; start explorer.exe 恢复默认指令。 reg delete &amp;#34;HKCU\Software\Classes\CLSID\{86ca1aa0-34aa-4e8b-a509-50c905bae2a2}&amp;#34; /f</description>
    </item>
    
    <item>
      <title>Anghunk 主题如何在后台评论列表解析表情？</title>
      <link>/blog/154.html/</link>
      <pubDate>Sat, 30 Jul 2022 20:11:00 +0000</pubDate>
      
      <guid>/blog/154.html/</guid>
      <description>本文专为 Anghunk 主题开发文档而写。 https://github.com/imzsh/Anghunk 方案是在梦繁星的协助下完成的。 介绍 Anghunk 评论携带很多精美的表情，但是正常情况下 Typecho 后台是没办法正常解析这些表情的。如下图； 但是，经过我解析表情之后，就可以变成下面这样，使用主题</description>
    </item>
    
    <item>
      <title>出错了，面板运行时发生错误！</title>
      <link>/blog/152.html/</link>
      <pubDate>Mon, 18 Jul 2022 11:51:00 +0000</pubDate>
      
      <guid>/blog/152.html/</guid>
      <description># 删除之前无法使用的面板环境 rm -rf /www/server/panel/pyenv #重新获取新的面板环境和更新包 curl http://download.bt.cn/install/update_panel.sh|bash</description>
    </item>
    
    <item>
      <title>笔记:vue 中使用 axios 调用数据并渲染</title>
      <link>/blog/151.html/</link>
      <pubDate>Tue, 12 Jul 2022 14:59:00 +0000</pubDate>
      
      <guid>/blog/151.html/</guid>
      <description>示例如下。 &amp;lt;template&amp;gt; &amp;lt;div class=&amp;#34;posts&amp;#34;&amp;gt; &amp;lt;div v-for=&amp;#34;item in list&amp;#34; :key=&amp;#34;item.cid&amp;#34; &amp;gt; {{ item.title }} &amp;lt;/div&amp;gt; &amp;lt;/div&amp;gt; &amp;lt;/template&amp;gt; &amp;lt;script&amp;gt; import Axios from &amp;#39;axios&amp;#39;; export default { name: &amp;#39;index&amp;#39;, data () { return { list: [] } }, methods: { getData () { var api = &amp;#39;https://zburu.com/api/posts.php&amp;#39;; Axios.get(api).then((response) =&amp;gt; { this.list = response.data; console.log(response.data) }).catch((error) =&amp;gt; { console.log(error); }) } }, mounted () { this.getData(); }, } &amp;lt;/script&amp;gt; &amp;lt;style&amp;gt; &amp;lt;/style&amp;gt;</description>
    </item>
    
    <item>
      <title>obsidian:如何使用坚果云进行多端同步?</title>
      <link>/blog/146.html/</link>
      <pubDate>Mon, 27 Jun 2022 13:53:00 +0000</pubDate>
      
      <guid>/blog/146.html/</guid>
      <description>接上篇文章 《关于我选择笔记系统这件小事》 ，obsidian 的个人体验很棒，我也打算长久使用作为个人知识库。 但是它有一个弊端，就是本地离线化导致同步是个问题，官方的同步服务很贵，给我劝退了，因此我寻求了</description>
    </item>
    
    <item>
      <title>人民币小写转大写</title>
      <link>/blog/145.html/</link>
      <pubDate>Fri, 24 Jun 2022 15:53:00 +0000</pubDate>
      
      <guid>/blog/145.html/</guid>
      <description>一个有趣的demo this.smalltoBIG(43533534.78)); //肆仟叁佰伍拾叁万叁仟伍佰叁拾肆元柒角捌分 smalltoBIG (n) { var fraction = [&amp;#39;角&amp;#39;, &amp;#39;分&amp;#39;]; var digit = [&amp;#39;零&amp;#39;, &amp;#39;壹&amp;#39;, &amp;#39;贰&amp;#</description>
    </item>
    
    <item>
      <title>掘金抽奖脚本</title>
      <link>/blog/143.html/</link>
      <pubDate>Wed, 22 Jun 2022 09:01:00 +0000</pubDate>
      
      <guid>/blog/143.html/</guid>
      <description>分享一个掘金抽奖的油猴脚本，可以一键签到，抽奖，梭哈。 攒多一点矿石，体验买彩票的感觉。 油猴脚本代码 ```js // ==UserScript== // @name 掘金抽奖 // @namespace http://tampermonkey.net/ // @version 1.2.5 // @description 掘金抽奖 签到 免费抽奖 5连抽 10连抽 可视化抽奖 petite-vue // @author 无仙 // @match https://juejin.cn/* // @icon https://lf3-cdn-tos.bytescm.com/obj/static/xitu_juejin_web//static/favicons/favicon-32x32.png //</description>
    </item>
    
    <item>
      <title>typecho 评论回复艾特评论人</title>
      <link>/blog/132.html/</link>
      <pubDate>Tue, 07 Jun 2022 10:35:00 +0000</pubDate>
      
      <guid>/blog/132.html/</guid>
      <description>typecho 在评论时默认是没有 @ 评论人的功能，可以用代码加一下。 在 functions.php 中： /* * 评论回复时 @ 评论人 */ function get_comment_at($coid) { $db = Typecho_Db::get(); $prow = $db-&amp;gt;fetchRow($db-&amp;gt;select(&amp;#39;parent,status&amp;#39;)-&amp;gt;from(&amp;#39;table.comments&amp;#39;) -&amp;gt;where(&amp;#39;coid = ?&amp;#39;, $coid)); $mail = &amp;#34;&amp;#34;; $parent = @$prow[&amp;#39;parent&amp;#39;]; if ($parent != &amp;#34;0&amp;#34;) { $arow = $db-&amp;gt;fetchRow($db-&amp;gt;select(&amp;#39;author,status,mail&amp;#39;)-&amp;gt;from(&amp;#39;table.comments&amp;#39;) -&amp;gt;where(&amp;#39;coid = ?&amp;#39;, $parent)); @$author = @$arow[&amp;#39;author&amp;#39;]; $mail = @$arow[&amp;#39;mail&amp;#39;]; if(@$author &amp;amp;&amp;amp; $arow[&amp;#39;status&amp;#39;] == &amp;#34;approved&amp;#34;){ if (@$prow[&amp;#39;status&amp;#39;] == &amp;#34;waiting&amp;#34;){ echo &amp;#39;&amp;lt;p class=&amp;#3</description>
    </item>
    
    <item>
      <title>宝塔自动备份网站到邮箱教程</title>
      <link>/blog/130.html/</link>
      <pubDate>Wed, 25 May 2022 17:27:00 +0000</pubDate>
      
      <guid>/blog/130.html/</guid>
      <description>前言 网站经常备份好处就是遇到问题以后可以迅速的恢复，不那么被动，防止信息丢失，操作性很大。虽然搭建一个网站非常容易，但为了应对网络上各种各样的意外情况，避免自己的网站付诸东流，做好网站备份是非常有必要</description>
    </item>
    
    <item>
      <title>一个优雅的字体压缩解决方案 ---fonttools</title>
      <link>/blog/106.html/</link>
      <pubDate>Tue, 24 May 2022 14:28:00 +0000</pubDate>
      
      <guid>/blog/106.html/</guid>
      <description>分享一个 python 的库 &amp;mdash;fonttools，针对字体文件进行处理非常方便。 下载 需要先在电脑上下载 python 环境，这个就不多说了。 然后在本地命令行输入： pip install fonttools 字体库 本地新建一个文件夹，取名为 fonts ，随意即可。将</description>
    </item>
    
    <item>
      <title>分享一款自用的 v2ex 主题样式</title>
      <link>/blog/128.html/</link>
      <pubDate>Thu, 12 May 2022 13:46:00 +0000</pubDate>
      
      <guid>/blog/128.html/</guid>
      <description>起因是因为觉得 v2ex 网站主题略有拥挤，阅读体验不好，而正好网站支持自定义 css，所以就在参考其他人的基础上，修改了一套比较美观的样式。 本来是自用的，但是看到有人发帖分享主题，我也索性将它分享出来了。 v2ex 帖子</description>
    </item>
    
    <item>
      <title>docker部署思源笔记</title>
      <link>/blog/124.html/</link>
      <pubDate>Thu, 05 May 2022 09:33:00 +0000</pubDate>
      
      <guid>/blog/124.html/</guid>
      <description>文章废弃 部署 docker run --name siyuan -itd -p 6806:6806 -v /opt/my_siyuan_path:/opt/siyuan --restart always b3log/siyuan 备份 sudo su # 查看容器列表 docker ps -a # 制作备份 docker commit -p 7409ce6aae7b siyuan_backup # 其中 403e6db0c 是容器id, jenkins_backup是备份名称 # 查看备份是否成功 docker images # 将镜像制作成文件 docker save -o [filename] [image] docker save -o siyuan_backup.tar</description>
    </item>
    
    <item>
      <title>浏览器收藏夹一键填写博客评论信息</title>
      <link>/blog/120.html/</link>
      <pubDate>Tue, 26 Apr 2022 14:08:00 +0000</pubDate>
      
      <guid>/blog/120.html/</guid>
      <description>先点击收藏一个页面，然后右键它，选择修改，在网址输入框复制下面的js代码，就可以一键填入了。 将其中的昵称，邮箱，网址修改成自己的信息。 目前支持绝大多数主流博客平台和系统，如果发现没有起作用，可以在下面</description>
    </item>
    
    <item>
      <title>在宝塔中使用青龙面板代挂京豆</title>
      <link>/blog/116.html/</link>
      <pubDate>Fri, 15 Apr 2022 13:57:00 +0000</pubDate>
      
      <guid>/blog/116.html/</guid>
      <description>如题所述，想要在闲置的服务器中跑一些服务，青龙面板代挂京豆现存很多开源的脚本，安全性已经经过很多人验证，可以放心使用。 因此我也安排了一个脚本，成功部署之后，就写这篇不算教程的笔记来记录一下整个过程。 Github:</description>
    </item>
    
    <item>
      <title>在nuxt中实现图片放大预览功能</title>
      <link>/blog/112.html/</link>
      <pubDate>Fri, 01 Apr 2022 13:28:00 +0000</pubDate>
      
      <guid>/blog/112.html/</guid>
      <description>v-viewer 基于vue的一个插件，可以实现图片放大，缩小，旋转，拖拽，预览等各种功能，效果还是很棒的。这是我在Github摸鱼时发现的一个仓库，感觉很有用，就分享一下使用过程。 Github: https://github.com/mirari/v-viewer 1.安装 npm install v-viewer 2.用法 在 plugins 中新</description>
    </item>
    
    <item>
      <title>在vue中制作canvas波浪图</title>
      <link>/blog/111.html/</link>
      <pubDate>Tue, 29 Mar 2022 13:08:00 +0000</pubDate>
      
      <guid>/blog/111.html/</guid>
      <description>新建组件 Canvas.vue 。 // @/components/Canvas.vue &amp;lt;template&amp;gt; &amp;lt;div :style=&amp;#34;{ height: waveAllHeight + &amp;#39;px&amp;#39;, background: bgColor }&amp;#34; class=&amp;#34;wave&amp;#34;&amp;gt; &amp;lt;canvas id=&amp;#34;wave1&amp;#34;&amp;gt;&amp;lt;/canvas&amp;gt; &amp;lt;canvas id=&amp;#34;wave2&amp;#34;&amp;gt;&amp;lt;/canvas&amp;gt; &amp;lt;canvas id=&amp;#34;wave3&amp;#34;&amp;gt;&amp;lt;/canvas&amp;gt; &amp;lt;/div&amp;gt; &amp;lt;/template&amp;gt; &amp;lt;script&amp;gt; export default { name: &amp;#34;Canvas&amp;#34;, props: { bgColor: { default: &amp;#34;none&amp;#34;, }, // 背景色 waveAllHeight: { default: 160 }, // 波浪的整体高度 waveCount: { default: 2 }, // 波峰个数 waveHeight: { default: 50 }, // 波浪起伏高度 // 波浪颜色 waveColor: { default () { return [ &amp;#34;#f3f3f3&amp;#34;, &amp;#34;#f3f3f3&amp;#34;, &amp;#34;#f3f3f3&amp;#34;, ]; }, }, // 波浪</description>
    </item>
    
    <item>
      <title>增加了站内搜索功能</title>
      <link>/blog/110.html/</link>
      <pubDate>Fri, 25 Mar 2022 11:43:00 +0000</pubDate>
      
      <guid>/blog/110.html/</guid>
      <description>如题，我花了一个多小时，参照nuxt文档，把搜索功能给加上了，url地址 /search ，记录一下相关代码。 可以选择放在 components/&amp;lt;Search /&amp;gt; 里面，然后引入到 head 模板，也可以单独创建一个页面，我选择的是后者。 新建一个页面模板 /pages/search.vue 。 &amp;lt;template&amp;gt; &amp;lt;div&amp;gt; &amp;lt;HeaderMe</description>
    </item>
    
    <item>
      <title>sql中时间戳转日期</title>
      <link>/blog/107.html/</link>
      <pubDate>Thu, 10 Mar 2022 17:33:00 +0000</pubDate>
      
      <guid>/blog/107.html/</guid>
      <description>需求: 我将博客和 typecho 后台结合起来，打算做一个在线说说的功能，在 typecho 中输入内容，然后调用接口，实现在我的博客查看说说功能的功能。是不是有点绕？我也这么觉得，但是折腾一下也挺好的。 typecho 导出的数据默认是时间戳格式</description>
    </item>
    
    <item>
      <title>【笔记】使用php写接口文件调用数据</title>
      <link>/blog/103.html/</link>
      <pubDate>Tue, 22 Feb 2022 17:12:00 +0000</pubDate>
      
      <guid>/blog/103.html/</guid>
      <description>如何使用 php 写一个接口，然后将数据以 json 文件格式调用。 &amp;lt;?php header(&amp;#39;Content-Type:application/json; charset=utf-8&amp;#39;); header(&amp;#34;Access-Control-Allow-Origin:*&amp;#34;); $servername = &amp;#34;localhost&amp;#34;; $username = &amp;#34;数据库账号&amp;#34;; $password = &amp;#34;数据库密码&amp;#34;; $dbname = &amp;#34;数据库名称&amp;#34;; // 创建连接 $conn = new mysqli($servername, $username, $password, $dbname); // 检</description>
    </item>
    
    <item>
      <title>Nuxt.js如何部署Artalk和遇到的问题</title>
      <link>/blog/102.html/</link>
      <pubDate>Fri, 18 Feb 2022 13:48:00 +0000</pubDate>
      
      <guid>/blog/102.html/</guid>
      <description>花了两天时间，终于把 Artalk 部署好了，一款数据自托管带后端的评论程序，非常适合我。这篇文章就介绍一下我部署的流程，以及我在部署过程中遇到的一些问题，将它记录一下，以便之后研究，顺便对使用 Nuxt.js 搭建博客的伙伴提供</description>
    </item>
    
    <item>
      <title>如何使用谷歌插件为网站注入代码</title>
      <link>/blog/100.html/</link>
      <pubDate>Wed, 26 Jan 2022 14:20:00 +0000</pubDate>
      
      <guid>/blog/100.html/</guid>
      <description>在浏览网站时，受限于网站的缺陷，我们通常都会写一些脚本和插件来进行扩展，常规方法有油猴和谷歌插件两种，油猴也是一种插件，使用起来很方便，今天要讲的是如何通过谷歌插件进行注入。 按照结构生成下面几个文件 |chrome-plugin</description>
    </item>
    
    <item>
      <title>使用Love主题的数据库</title>
      <link>/blog/101.html/</link>
      <pubDate>Tue, 25 Jan 2022 11:39:00 +0000</pubDate>
      
      <guid>/blog/101.html/</guid>
      <description>基于typecho中的LOVE主题备份的一个数据库文件，因为需要写一百个文章，将名字一一打字进去，非常耗时间和精力，所以我做了这个数据库，可以直接使用。 作者没有贴Github地址，就直接指向主题列表说</description>
    </item>
    
    <item>
      <title>Nuxt 项目中如何引入百度统计？</title>
      <link>/blog/96.html/</link>
      <pubDate>Mon, 17 Jan 2022 15:49:00 +0000</pubDate>
      
      <guid>/blog/96.html/</guid>
      <description>在部署一个网站之后，我们最关心的事情无异于是访问量，以及对它的分析。国内的百度统计是一个不错的选择，基本的功能都是免费的。 只需要在head中引入一串 javascript 代码即可。 &amp;lt;!-- &amp;lt;script&amp;gt; var _hmt = _hmt || []; (function() { var hm = document.createElement(&amp;#34;script&amp;#34;); hm.src = &amp;#34;https://hm.baidu.com/hm.js?xxxxxxxxxxxxxxxxxxx&amp;#34;; var s =</description>
    </item>
    
    <item>
      <title>typecho 更换 gravatar 头像源</title>
      <link>/blog/92.html/</link>
      <pubDate>Tue, 21 Dec 2021 10:11:00 +0000</pubDate>
      
      <guid>/blog/92.html/</guid>
      <description>找到根目录下 config.inc.php 文件，在最前面加入下面的代码。 define(&amp;#39;__TYPECHO_GRAVATAR_PREFIX__&amp;#39;, &amp;#39;https://sdn.geekzu.org/avatar/&amp;#39;); 其中 https://sdn.geekzu.org/avatar/ 是一个国内源链接，这个是我目前找到的比较稳定的源。 如果这个源不能用了，可以更换其他的源，直接搜其他的相关国内源就可以了。 如果你有其他可以用的头像源</description>
    </item>
    
    <item>
      <title>实现图片灯箱功能</title>
      <link>/blog/88.html/</link>
      <pubDate>Tue, 07 Dec 2021 16:55:00 +0000</pubDate>
      
      <guid>/blog/88.html/</guid>
      <description>写博客必不可少的一个功能就是图片灯箱功能，也就是点击放大查看。但是不同程序的博客所使用的插件也都不一样，我这里研究出一套可以满足绝大部分程序的灯箱插件。已经测试过hexo, hugo, typecho 均无问题。 引入文件 首先引</description>
    </item>
    
    <item>
      <title>揭秘箭头函数</title>
      <link>/blog/82.html/</link>
      <pubDate>Fri, 05 Nov 2021 12:16:00 +0000</pubDate>
      
      <guid>/blog/82.html/</guid>
      <description>英文地址: https://javascript.plainenglish.io/demystifying-javascript-arrow-functions-7b2a0908a2b3 通过掘金翻译计划活动进行翻译 箭头函数是函数表达式的替代方法，但在语法上有所不同，不能在所有情况下使用。如果您还没有阅读 JavaScript 中的函数表达式，我建议您在继续阅读之前先阅读这篇文章。 现在，让我们试</description>
    </item>
    
    <item>
      <title>js奇怪的知识--console.table</title>
      <link>/blog/81.html/</link>
      <pubDate>Thu, 04 Nov 2021 14:16:00 +0000</pubDate>
      
      <guid>/blog/81.html/</guid>
      <description>这个属性对我来说还真有些陌生，无意中发现的，查询过 MDN 之后听得挺有意思的，就记录一下。 根据字面意思就是“将数据以表格的形式显示”。这个方法需要一个必须参数 data，data 必须是一个数组或者是一个对象；</description>
    </item>
    
    <item>
      <title>通过 getTimezoneOffset() 方法判断当前时区是否为夏令时</title>
      <link>/blog/80.html/</link>
      <pubDate>Fri, 22 Oct 2021 11:16:00 +0000</pubDate>
      
      <guid>/blog/80.html/</guid>
      <description>getTimezoneOffset() 方法 方法返回 UTC 时间和本地时间之间的时差，以分钟为单位。 世界协调时间 (UTC) 是世界时间标准设定的时间, UTC 时间与 GMT 时间（格林威治时间）相同。 测一下我所在时区和标准时区的时间差 function myDate () { var d = new Date(); var n = d.getTimezoneOffset(); console.log(n) } myDate(); //</description>
    </item>
    
    <item>
      <title>使用js随机生成背景颜色</title>
      <link>/blog/78.html/</link>
      <pubDate>Wed, 29 Sep 2021 13:15:00 +0000</pubDate>
      
      <guid>/blog/78.html/</guid>
      <description>先写一个简单的 html 页面出来 &amp;lt;style&amp;gt; /* ... */ &amp;lt;/style&amp;gt; &amp;lt;ul&amp;gt; &amp;lt;li&amp;gt;html&amp;lt;/li&amp;gt; &amp;lt;li&amp;gt;css&amp;lt;/li&amp;gt; &amp;lt;li&amp;gt;js&amp;lt;/li&amp;gt; &amp;lt;/ul&amp;gt; 通过 Math.random() 属性可以随机生成一个数字，然后通过转化为十六进制的方法进行处理，下面就是随机生成 6 位数字的代码，并进行转化的代码。 const randomHex = () =&amp;gt; `#${Math.floor(Math.random() * 0xffffff).toString(16).padEnd(6, &amp;#34;0&amp;#34;)}`; 可以在控制台输出看</description>
    </item>
    
    <item>
      <title>hugo 如何使用 Cusdis ?</title>
      <link>/blog/77.html/</link>
      <pubDate>Thu, 16 Sep 2021 13:14:00 +0000</pubDate>
      
      <guid>/blog/77.html/</guid>
      <description>Cusdis 是一个界面清爽、注重隐私的轻量级 (~5kb gzip) 评论系统，可以很方便地与 React、Vue 或其他博客系统结合，并且还提供了一个后台来管理所有的评论。 由于 Cusdis 自称是 Disqus 的替代方案，因此它还支持一键从 Disqus 导入、支持邮件通</description>
    </item>
    
    <item>
      <title>使用jq做一个数字递增效果</title>
      <link>/blog/76.html/</link>
      <pubDate>Tue, 14 Sep 2021 15:42:00 +0000</pubDate>
      
      <guid>/blog/76.html/</guid>
      <description>数字递增，顾名思义就是数字不断增加，数字递增的效果就是要一定时间内，让数字有一个增加的特效，一般用于强调某个内容。 用 jquery 也很好处理，大概就是下面这些。 data-to 属性代表最后想要递增到的数值 data-speed 代表数值想要递增的过</description>
    </item>
    
    <item>
      <title>npm install 报错和取消本地代理的问题</title>
      <link>/blog/75.html/</link>
      <pubDate>Thu, 19 Aug 2021 11:15:00 +0000</pubDate>
      
      <guid>/blog/75.html/</guid>
      <description>npm install下载依赖包的时候出现下面错误，请求失败。 npm ERR! FetchError: request to https://registry.npm.taobao.org/cnpm failed, reason: connect ECONNREFUSED 127.0.0.1:1181 调试过后发现是本地代理的问题，取消它。 npm config delete proxy npm config delete https-proxy npm install 成功运行，完毕。</description>
    </item>
    
    <item>
      <title>关于我为什么要写博客？</title>
      <link>/blog/74.html/</link>
      <pubDate>Wed, 21 Jul 2021 11:16:00 +0000</pubDate>
      
      <guid>/blog/74.html/</guid>
      <description>关于这个博客的构成 这个就放在最前面吗，算是起到一个统计整理的作用。 博客基础的框架使用是 hugo, 前端样式是自己慢慢构思的，可能是因为没有设计师的天分吧，构思出来的 UI 就很奇怪。 我也尽量将色彩往黑白上靠，就是为了</description>
    </item>
    
    <item>
      <title>将数据库中的图片信息导出并调用</title>
      <link>/blog/73.html/</link>
      <pubDate>Fri, 09 Jul 2021 21:03:00 +0000</pubDate>
      
      <guid>/blog/73.html/</guid>
      <description>接口链接：http://121.196.166.173/img/img.php 展示demo：http://121.196.166.173/img 前言 为了写博客以及其他的一些用途，我使用服务器搭建了一个</description>
    </item>
    
    <item>
      <title>在 vue 中使用 axios 调用数据</title>
      <link>/blog/71.html/</link>
      <pubDate>Tue, 08 Jun 2021 21:02:00 +0000</pubDate>
      
      <guid>/blog/71.html/</guid>
      <description>如何在 vue 中完成一次接口的调用？首选就是 axios，方便快捷又好用，支持各种 api ,封装也很方便。 先用 node 安装一下。 npm install axios 然后在 main.js 文件中引入。 import axios from &amp;#39;axios&amp;#39; import VueAxios from &amp;#39;vue-axios&amp;#39; Vue.use(VueAxios, axios) 以我的一个工程目录作为实例，看一下代码。 // ListThere.vue //</description>
    </item>
    
    <item>
      <title>宝塔如何实现进程守护？</title>
      <link>/blog/70.html/</link>
      <pubDate>Sun, 30 May 2021 11:37:00 +0000</pubDate>
      
      <guid>/blog/70.html/</guid>
      <description>为了方便写一些东西，pc端和手机端都可以同步，我用leanote搭建了一个在线笔记，但是必须在服务器后台运行一个指令 base run.sh 不然就访问不了端口，我也不可能时刻在终端保持指令运行，所以就需要把指令放在服务器</description>
    </item>
    
    <item>
      <title>css 中 fixed 定位属性和动画的冲突问题及解决方法</title>
      <link>/blog/69.html/</link>
      <pubDate>Thu, 27 May 2021 21:42:00 +0000</pubDate>
      
      <guid>/blog/69.html/</guid>
      <description>1.问题 css 中使用动画属性会和同标签下的fixed属性冲突，导致定位失效，那么该如何解决他呢？ 2.分析 简单说一下问题产生的背景，昨天夜里我想给我的博客页面做一个简单的动画，浏览器刷新的时候从下往上渐现的</description>
    </item>
    
    <item>
      <title>Oracle数据库安装教程（超详细）</title>
      <link>/blog/68.html/</link>
      <pubDate>Thu, 13 May 2021 14:51:00 +0000</pubDate>
      
      <guid>/blog/68.html/</guid>
      <description>转载自：https://www.moeor.com/26.html 前言 本教程讲解Oracle Database Express Edition (XE) Release 11.2.0.2.0 (11gR2)版本的下载安装教程！ 该版本是一个便携式安装版本，直接安装，就可以了，非常方便。 由于</description>
    </item>
    
    <item>
      <title>Typecho博客搭建及优化教程(详细)</title>
      <link>/blog/67.html/</link>
      <pubDate>Tue, 11 May 2021 22:29:00 +0000</pubDate>
      
      <guid>/blog/67.html/</guid>
      <description>1.前言 本文从Typecho 简介开始讲解，其中包括服务器的选择，以及域名注册，服务器系统选择 ，宝塔安装，环境配置，Typecho安装包括中间的防采坑注意事项，为您提供完整的保姆级搭建流程，请珍惜哦！ 如</description>
    </item>
    
    <item>
      <title>网站引入iframe视频，如何实现高度自适应?</title>
      <link>/blog/66.html/</link>
      <pubDate>Sun, 09 May 2021 18:50:00 +0000</pubDate>
      
      <guid>/blog/66.html/</guid>
      <description>我想很多小伙伴在写博客的时候都能遇到一个令人头疼的问题，某一篇文章想用 iframe 引入一个外链视频，但是大小总是有问题，宽度可以固定到 100% ，但是高度比如用实际高度来表示，比如 100px, 200px，诸如此类。 但是问题来了，</description>
    </item>
    
    <item>
      <title>基于 docsify 搭建一个文档</title>
      <link>/blog/63.html/</link>
      <pubDate>Wed, 21 Apr 2021 20:19:00 +0000</pubDate>
      
      <guid>/blog/63.html/</guid>
      <description>一、搭建 docsify 是一个类似 vuepress, gitbook 等静态文档程序，但是对比之前，个人还是喜欢 docsify 的风格和源码。不想要那么多附带的功能，能满足写文章，目录的功能就行了。 点击查看demo. 打开终端输入指令，把本地环境搭建起来： npm install docsify-cli</description>
    </item>
    
    <item>
      <title>我的 python 学习笔记</title>
      <link>/blog/61.html/</link>
      <pubDate>Thu, 01 Apr 2021 16:21:00 +0000</pubDate>
      
      <guid>/blog/61.html/</guid>
      <description>之所以学习 Python ，本意是想写一些脚本之类的程序，用来在浏览器爬一些自己想要的文字，图片等资料，这些程序其实 GitHub 蛮多的，但奈何我对后端的语言一窍不通，直接拿过来给我用我都不会。 因此就萌生了先学习 Python 基础知识的想</description>
    </item>
    
    <item>
      <title>实时监听页面的变化</title>
      <link>/blog/60.html/</link>
      <pubDate>Fri, 26 Mar 2021 14:24:00 +0000</pubDate>
      
      <guid>/blog/60.html/</guid>
      <description>问题产生于需求，因为项目需要适配pc和移动端多套布局，所以某些元素在特定的宽度下会产生错位的现象。 如果是在css中，可以很好的判断，使用媒体查询可以实时检测页面的宽度，从而给予标签不同的属性。 @media (max-width:768px){ ... }</description>
    </item>
    
    <item>
      <title>ajax 和 js 事件的执行顺序</title>
      <link>/blog/58.html/</link>
      <pubDate>Tue, 23 Mar 2021 15:12:00 +0000</pubDate>
      
      <guid>/blog/58.html/</guid>
      <description>有一个需求，滚轮滚动到相应位置的时候执行当前的动画，这个动画在footer里面，而网页的主体通过ajax进行渲染，我在js里面调用ajax渲染数据，然后再获取主体的高度，滚动到该高度的时候执行动画。 本</description>
    </item>
    
    <item>
      <title>ajax拼接模版字符串的几种方法</title>
      <link>/blog/59.html/</link>
      <pubDate>Mon, 22 Mar 2021 14:54:00 +0000</pubDate>
      
      <guid>/blog/59.html/</guid>
      <description>起因是因为IE10不兼容es6，所以引发了一系列的问题。 一 使用ajax拼接字符串有很多方法，最简单的莫过于使用es6的语法中的关键符号， str += `&amp;lt;li class=&amp;#34;wrap-item&amp;#34;&amp;gt; &amp;lt;div class=&amp;#34;pic-wrap&amp;#34;&amp;gt; &amp;lt;div class=&amp;#34;pic&amp;#34;&amp;gt; &amp;lt;div class=&amp;#34;pic-son&amp;#34;&amp;gt; &amp;lt;a href=&amp;#34; ` + item.link + `&amp;#34; target=&amp;#34;_blank&amp;#34;&amp;gt;&amp;lt;img src=&amp;#34; ` + item.pic+ `&amp;#34; alt=&amp;#34;</description>
    </item>
    
    <item>
      <title>用ajax请求获取数据</title>
      <link>/blog/57.html/</link>
      <pubDate>Fri, 19 Mar 2021 13:01:00 +0000</pubDate>
      
      <guid>/blog/57.html/</guid>
      <description>通过jquery进行ajax请求数据是一种较为简便的方式，我简单写了一个本地的data.json文件，然后用get请求数据，下面是部分代码 // ajax 请求获取数据 function picShow(){ var str = &amp;#39;&amp;#39;; $.ajax({ url:&amp;#39;./js/data.json&amp;#39;, type:&amp;#39;get&amp;#39;, dataType:&amp;#39;json&amp;#39;, success:function(data){ console.log(&amp;#39;success&amp;#39;) }, error: function() { console.log(&amp;#39;error&amp;#39;) } }) } picShow(); 但是</description>
    </item>
    
    <item>
      <title>IE10的兼容性处理</title>
      <link>/blog/56.html/</link>
      <pubDate>Thu, 18 Mar 2021 22:15:00 +0000</pubDate>
      
      <guid>/blog/56.html/</guid>
      <description>IE10不支持箭头函数，写js的时候慎用。 IE10下对js的语法要求严格，正常参数后如果没有多余的代码，写个,会报错，如果加了删掉就OK，Chrome下不会产生影响。 zoom属性能不用，尽量别用。我在</description>
    </item>
    
    <item>
      <title>window.scroll 方法只能存在一次该如何解决？</title>
      <link>/blog/55.html/</link>
      <pubDate>Wed, 17 Mar 2021 21:55:00 +0000</pubDate>
      
      <guid>/blog/55.html/</guid>
      <description>页面监听是我们经常用的一个功能，下面两个段代码表示两个事件，分别在页面滚动500px和1000px的时候触发，在代码中使用了箭头函数。 window.addEventListener(&amp;#39;scroll&amp;#39;, () =&amp;gt; { var scrollTop = document.documentElement.scrollTop if (scrollTop &amp;gt; 500) { console.log(&amp;#39;滚动了</description>
    </item>
    
    <item>
      <title>IE10下`,`符号不能留白</title>
      <link>/blog/54.html/</link>
      <pubDate>Tue, 16 Mar 2021 10:29:00 +0000</pubDate>
      
      <guid>/blog/54.html/</guid>
      <description>$(&amp;#34;#test&amp;#34;).click(function () { $(&amp;#39;html,body&amp;#39;).animate({ &amp;#39;scrollTop&amp;#39;: &amp;#39;0&amp;#39; }, 500,) }) 这行代码使用的是jquery的写法，一个500毫秒的动画，这样写在Chrome浏览器等没问题，可以正常运行。 但是今天在写项目的过程中，要求代码兼容到IE10，没办法，被迫在IE浏览器</description>
    </item>
    
    <item>
      <title>怎么让 css3 里面的动画属性看起来更流畅?</title>
      <link>/blog/53.html/</link>
      <pubDate>Sun, 14 Mar 2021 07:31:00 +0000</pubDate>
      
      <guid>/blog/53.html/</guid>
      <description>ps：先说点题外话，因为工作的原因很久没更新博客了，最近也是告一段落，处理一了一些事情之后可以安心坐下来，把我的博客重新整理一下。 今天要讲的是 css3 的一个新属性 animation，也算是一个回顾吧，我只是</description>
    </item>
    
    <item>
      <title>chrome浏览器无法显示12px以下的字体</title>
      <link>/blog/52.html/</link>
      <pubDate>Fri, 26 Feb 2021 22:38:00 +0000</pubDate>
      
      <guid>/blog/52.html/</guid>
      <description>最近正在面试，遇到了很多有意思的东西，比如今天，在面试前先做了一套面试题，其中有这么一道题，觉得挺有意思，之前也没见过，就打算记录下来： &amp;lt;!-- chrome浏览器12px字体大小以下无法显示，均显示为12p</description>
    </item>
    
    <item>
      <title>使用宝塔面板安装 autoPicCdn 图床工具</title>
      <link>/blog/51.html/</link>
      <pubDate>Thu, 25 Feb 2021 22:41:00 +0000</pubDate>
      
      <guid>/blog/51.html/</guid>
      <description>很多小伙伴在做个人网站或者博客时，总能用到各种各样的图床工具，毕竟在写文章的时候需要插入一些图片，我也不例外，来盘点一下之前用的工具， 最开始是找一些免费的图床网站，比如sm.ms等，但是后来为了安全性</description>
    </item>
    
    <item>
      <title>typecho 博客小表情无法显示问题</title>
      <link>/blog/50.html/</link>
      <pubDate>Thu, 04 Feb 2021 19:47:00 +0000</pubDate>
      
      <guid>/blog/50.html/</guid>
      <description>typecho 博客建立完成之后，会发现如果插入一些小表情，页面渲染完之后，表情不会显示，并且表情之后的内容全部消失，导致体验感很差。 表情无法显示的原因是 uft-8 编码的问题，无法识别小表情，需要将其改成 utf8mb4 第一步，进入数据</description>
    </item>
    
    <item>
      <title>掘金个人主页头像旋转效果</title>
      <link>/blog/49.html/</link>
      <pubDate>Wed, 03 Feb 2021 19:43:00 +0000</pubDate>
      
      <guid>/blog/49.html/</guid>
      <description>在浏览掘金社区的时候，发现一个很有意思的小彩蛋，在个人主页将鼠标悬浮在头像上，会不停的加速旋转，我感觉挺有意思，f12 看看这个样式怎么写的，发现用到了 css3 的相关技术。 下面是具体代码，img 是头像元素，直</description>
    </item>
    
    <item>
      <title>ES5 和 ES6 的区别？</title>
      <link>/blog/48.html/</link>
      <pubDate>Wed, 20 Jan 2021 19:58:00 +0000</pubDate>
      
      <guid>/blog/48.html/</guid>
      <description>一、javascript 由三部分组成 1.ECMAScript（核心） 它规定了语言的组成部分：法语，类型，语句，关键字，操作符等等。 2.DOM（文档对象模型） DOM 把整个页面映射为一个多层节点结果，开发人员</description>
    </item>
    
    <item>
      <title>webpack 的核心概念和构建流程</title>
      <link>/blog/47.html/</link>
      <pubDate>Mon, 18 Jan 2021 19:59:00 +0000</pubDate>
      
      <guid>/blog/47.html/</guid>
      <description>1.webpack 的核心概念 entry（入口）：一个可执行模块或者库的入口。定义了打包后的入口文件。 output（出口）：指示 webpack 如何去输出，以及在哪里输出。 path: 打包文件存放的绝对路径 publicPath: 网站运行时的访问路径 filename: 打包后的文件</description>
    </item>
    
    <item>
      <title>基于 React 的富文本编辑器－－Braft Editor</title>
      <link>/blog/44.html/</link>
      <pubDate>Thu, 07 Jan 2021 20:46:00 +0000</pubDate>
      
      <guid>/blog/44.html/</guid>
      <description>最近发了很多关于 React 的文章，记录遇到的新技术点，以及在写代码过程中遇到的问题，希望可以帮助到和我遇到同样问题的同学。 今天分享的是一款基于 React 的富文本编辑器－－Braft Editor。 Braft Editor 官网：https:</description>
    </item>
    
    <item>
      <title>使用 React 与 Vue 创建同一款 App，差别究竟有多大？</title>
      <link>/blog/43.html/</link>
      <pubDate>Wed, 06 Jan 2021 20:47:00 +0000</pubDate>
      
      <guid>/blog/43.html/</guid>
      <description>关于 React 框架 和 Vue 框架 的对比，用两者写出同一个程序，对比其代码实现的过程，看看它们的差异究竟有多大？ 转载于：https://blog.csdn.net/csdnnews/article/details/8</description>
    </item>
    
    <item>
      <title>React 脚手架项目打包时的路径问题</title>
      <link>/blog/42.html/</link>
      <pubDate>Tue, 05 Jan 2021 20:54:00 +0000</pubDate>
      
      <guid>/blog/42.html/</guid>
      <description>create-react-app 脚手架指令可以生成 React 项目，在项目完成之后执行打包命令 npm run build，文件夹内生成 build文件夹，就是打包后的文件，在浏览器运行 index.html 发现页面空白，打开控制台有报错，css 和 js 文件的引用路径有问题。 浏览</description>
    </item>
    
    <item>
      <title>如何在 React 中引入 less？</title>
      <link>/blog/41.html/</link>
      <pubDate>Mon, 04 Jan 2021 20:50:00 +0000</pubDate>
      
      <guid>/blog/41.html/</guid>
      <description>本文主要写如何在 React 中引入 less 。因为 less 和 css 非常像，因此很容易学习。而且 less 仅对 css 语言增加了少许方便的扩展，这就是 less 如此易学的原因之一。 1.安装 less npm install less less-loader --save-dev 2.暴露 webpack 文件 利用 npx create-react-app 搭建的 React 项目，默认隐藏 webpack 配置文</description>
    </item>
    
    <item>
      <title>为什么 key 是必须的？</title>
      <link>/blog/40.html/</link>
      <pubDate>Fri, 01 Jan 2021 20:48:00 +0000</pubDate>
      
      <guid>/blog/40.html/</guid>
      <description>之前有说到，在 React 中渲染列表的时候，要给每一个数据加一个 key 值，赋予一个确定的标示，而且也详细描述了如何给一个标示，方法知道了，那么为什么要这么做呢？ 在 React 中如何渲染列表？ 在默认条件下，当递归 DOM 节点的子元素</description>
    </item>
    
    <item>
      <title>React 学习笔记（三）</title>
      <link>/blog/39.html/</link>
      <pubDate>Tue, 29 Dec 2020 13:26:00 +0000</pubDate>
      
      <guid>/blog/39.html/</guid>
      <description>来源于：https://react.docschina.org/docs/forms.html 一、表单 在 React 中，html 表单元素的工作方式和其他的 DOM 元素不太一样，因为表单内部通常会保持一些内部的 stat</description>
    </item>
    
    <item>
      <title>React －－万物皆可组件</title>
      <link>/blog/37.html/</link>
      <pubDate>Mon, 21 Dec 2020 13:19:00 +0000</pubDate>
      
      <guid>/blog/37.html/</guid>
      <description>一、React 组件是什么？ 组件，从概念上类似于 javascript 函数，他接受任意入参（props），并返回作用于描述页面展示内容的 React 元素。 组件允许你将 UI 拆分为独立可复用的代码片段，并对每个片段进行独立构思。 1.创建一</description>
    </item>
    
    <item>
      <title>javascript 进阶问题</title>
      <link>/blog/36.html/</link>
      <pubDate>Sat, 19 Dec 2020 13:17:00 +0000</pubDate>
      
      <guid>/blog/36.html/</guid>
      <description>Github：https://github.com/lydiahallie/javascript-questions 相当不错的一个 Github 仓库，javascript questions ，作者每周都会发布一些有关 javascript 的题目，虽然</description>
    </item>
    
    <item>
      <title>React 学习笔记（二）</title>
      <link>/blog/35.html/</link>
      <pubDate>Wed, 16 Dec 2020 13:15:00 +0000</pubDate>
      
      <guid>/blog/35.html/</guid>
      <description>React 元素的事件处理和 DOM 元素的很相似，但是有一点语法上的不同 React 事件的命名采用小驼峰式（camelCase），而不是纯小写 使用 JSX 语法时你需要传入一个函数作为事件处理函数，而不是一个字符串 一、事件处理 1.事件</description>
    </item>
    
    <item>
      <title>React 中的占位符 Fragment</title>
      <link>/blog/33.html/</link>
      <pubDate>Sat, 12 Dec 2020 13:10:00 +0000</pubDate>
      
      <guid>/blog/33.html/</guid>
      <description>在 React 项目中， render 方法只能有一个根元素，一般都是 &amp;lt;div&amp;gt; &amp;lt;div/&amp;gt; ，然后在里面写上我们的组件，渲染到浏览器一看，除了我们想要显示的组件，外面还套着一层 div ，如果在写项目的时候，套了很多曾组件，那么每一层都会多出来一个父级</description>
    </item>
    
    <item>
      <title>为什么不可变性在 React 中那么重要？</title>
      <link>/blog/32.html/</link>
      <pubDate>Wed, 02 Dec 2020 13:09:00 +0000</pubDate>
      
      <guid>/blog/32.html/</guid>
      <description>根据官网文档来解释，为什么不可变性的概念在 React 中非常重要的原因，一般来说，有两种改变数据的方式。第一种方式是直接修改变量的值，第二种方式是使用新的一份数据替换旧数据 React 文档 一般来说，有两种改变数据的方式。</description>
    </item>
    
    <item>
      <title>webpack安装配置指令</title>
      <link>/blog/30.html/</link>
      <pubDate>Thu, 26 Nov 2020 13:08:00 +0000</pubDate>
      
      <guid>/blog/30.html/</guid>
      <description>进行重新加载编译。实际就是将浏览器不认识的语法编译成浏览器认识的语法。比如less编译成css，ES6 语法 转成 ES5等等。 减少io请求,通常我们在请求后，会返回一个html到浏览器。这时，我们如果打开</description>
    </item>
    
    <item>
      <title>vue学习笔记(3)－－computed, watch，calss, style</title>
      <link>/blog/29.html/</link>
      <pubDate>Wed, 25 Nov 2020 13:05:00 +0000</pubDate>
      
      <guid>/blog/29.html/</guid>
      <description>一、计算属性computed 1.例子 &amp;lt;div id=&amp;#34;app&amp;#34;&amp;gt; &amp;lt;div&amp;gt;{{message}}&amp;lt;/div&amp;gt; &amp;lt;div&amp;gt;{{revermessage}}&amp;lt;/div&amp;gt; &amp;lt;/div&amp;gt; &amp;lt;script&amp;gt; var vm = new Vue({ el: &amp;#39;#app&amp;#39;, data: { message: &amp;#39;hello,wolrd&amp;#39; }, computed: { revermessage: function() { return this.message.split(&amp;#39;&amp;#39;).reverse().join(&amp;#39;&amp;#39;) } } }) &amp;lt;/script&amp;gt; 声明一个计算属性severmessage，在computed中被指向对message进行一些方法操作后的返</description>
    </item>
    
    <item>
      <title>vue学习笔记(2)－－vue实例和模板语法</title>
      <link>/blog/28.html/</link>
      <pubDate>Tue, 24 Nov 2020 13:05:00 +0000</pubDate>
      
      <guid>/blog/28.html/</guid>
      <description>一、vue实例 1.创建vue实例 一个vue实例应该通过new Vue来创建根实例，所有的 vue 组件其实都是 vue 实例 var vm = new Vue({ ... }) 当一个实例被创建时，data对象中的 property 都被加入到vue的响应式系统中，当值发生改</description>
    </item>
    
    <item>
      <title>vue学习笔记(1)－－什么是vue?</title>
      <link>/blog/27.html/</link>
      <pubDate>Mon, 23 Nov 2020 13:04:00 +0000</pubDate>
      
      <guid>/blog/27.html/</guid>
      <description>一、什么是vue? 练习时使用，最新版本 &amp;lt;script src=&amp;#34;https://cdn.jsdelivr.net/npm/vue/dist/vue.js&amp;#34;&amp;gt;&amp;lt;/script&amp;gt; 生产时使用，明确版本号的版本，避免造成不可预见的问题 &amp;lt;script src=&amp;#34;https://cdn.jsdelivr.net/npm/vue@2.6.12&amp;#34;&amp;gt;&amp;lt;/script&amp;gt; hello world &amp;lt;div id=&amp;#34;app&amp;#34;&amp;gt; {{message}} &amp;lt;/div&amp;gt; &amp;lt;script&amp;gt; var app = new Vue({ el: &amp;#34;#app&amp;#34;, data: { message: &amp;#39;hello,world&amp;#39; } }) &amp;lt;/script&amp;gt; 1.v-指令 v-bind－－绑定属性 &amp;lt;div id=&amp;#34;app-2&amp;#34;&amp;gt; &amp;lt;span v-bind:title=&amp;#34;message&amp;#34;&amp;gt; 鼠标悬停几秒钟查</description>
    </item>
    
    <item>
      <title>React 学习笔记（一）</title>
      <link>/blog/26.html/</link>
      <pubDate>Sun, 22 Nov 2020 13:02:00 +0000</pubDate>
      
      <guid>/blog/26.html/</guid>
      <description>an</description>
    </item>
    
    <item>
      <title>对象，类和接口之间的关系</title>
      <link>/blog/25.html/</link>
      <pubDate>Sat, 21 Nov 2020 13:01:00 +0000</pubDate>
      
      <guid>/blog/25.html/</guid>
      <description>类是对的类型，类是具有相同属性和方法的一组集合，一个类可以对应多个对象，对象通过他们公开的方法来定义他们与外界的交互行为，而方法就形成了与外界交互的接口 类，对象和接口 1.类和对象 区别： 对象是类的一个实</description>
    </item>
    
    <item>
      <title>vue使用cli脚手架构建项目工程</title>
      <link>/blog/24.html/</link>
      <pubDate>Fri, 20 Nov 2020 13:03:00 +0000</pubDate>
      
      <guid>/blog/24.html/</guid>
      <description>vue使用cli脚手架构建项目工程，执行的命令以及遇到的相关的问题 1.下载安装node 测试一下是否成功安装， $ node -v // 返回下载的版本号 2.安装webpack环境 $ npm install webpack -g // 如果失败，可能是因为用户没有权</description>
    </item>
    
    <item>
      <title>react学习路径－－怎么学习react？</title>
      <link>/blog/23.html/</link>
      <pubDate>Thu, 19 Nov 2020 13:02:00 +0000</pubDate>
      
      <guid>/blog/23.html/</guid>
      <description>转载于:https://github.com/petehunt/react-howto，react开源作者对于react框架的一个学习路径的建议，个人感觉还是相当不错的学习路线 如何学习React? 如果</description>
    </item>
    
    <item>
      <title>在js中运算不能随便把value属性定义成变量</title>
      <link>/blog/22.html/</link>
      <pubDate>Wed, 18 Nov 2020 13:00:00 +0000</pubDate>
      
      <guid>/blog/22.html/</guid>
      <description>在写一个小demo的时候，无意中发现定义变量的时候直接写入value，会导致获取不到数据，或者获取的不是我们想要的内容，在js中运算不能随便把value属性定义成变量 先看一段代码 &amp;lt;input type=&amp;#34;text&amp;#34;&amp;#34; id=&amp;#34;a&amp;#34;&amp;gt; &amp;lt;span&amp;gt;*&amp;lt;/span&amp;gt; &amp;lt;input type=&amp;#34;text&amp;#34; id=&amp;#34;b&amp;#34;&amp;gt; &amp;lt;input type=&amp;#34;button&amp;#34; value=&amp;#34;=&amp;#34; onclick=&amp;#34;beto()&amp;#34;&amp;gt;</description>
    </item>
    
    <item>
      <title>事件监听函数，以及事件的捕获和冒泡机制</title>
      <link>/blog/21.html/</link>
      <pubDate>Tue, 17 Nov 2020 13:00:00 +0000</pubDate>
      
      <guid>/blog/21.html/</guid>
      <description>事件一般是用于浏览器和用户操作之间的交互，当用户执行某些特殊的操作时，浏览器给予反应，触发绑定的事件，事件流，事件发生时会在元素节点和根节点之间按照约定的顺序传播，事件经过的所有节点都会受到事件的影响</description>
    </item>
    
    <item>
      <title>getElementBy系列和querySelector系列的区别</title>
      <link>/blog/19.html/</link>
      <pubDate>Mon, 16 Nov 2020 12:59:00 +0000</pubDate>
      
      <guid>/blog/19.html/</guid>
      <description>querySelector和querySelectorAll的用法和getElementBy大致一样，获取的时候带上符号，getElementBy获取的是元素的动态集合，querySelector获取</description>
    </item>
    
    <item>
      <title>DOM－－文档对象模型</title>
      <link>/blog/18.html/</link>
      <pubDate>Sun, 15 Nov 2020 12:58:00 +0000</pubDate>
      
      <guid>/blog/18.html/</guid>
      <description>DOM中文名文档对象模型，英文名Document Object Model，我们简称为DOM，是针对html和xml文档的一种API，将html以一种树状结构呈现出来，可以更直观去研究文档结构，我们将这种树状文档结</description>
    </item>
    
    <item>
      <title>有关js函数，方法的一些补充总结</title>
      <link>/blog/17.html/</link>
      <pubDate>Sat, 14 Nov 2020 12:57:00 +0000</pubDate>
      
      <guid>/blog/17.html/</guid>
      <description>数据类型，构造函数，原型和原型链的一些讲解补充 一、数据类型 1.5个基本类型 string number boolean undefined 未定义 null 值为空 symbol 表示一个符号，符号类型是唯一的并且是不可修改的 最常见的还是前三种，字符串，数字，布尔值 2.常见的引用类</description>
    </item>
    
    <item>
      <title>为什么getTime()返回1970年至今的毫秒？</title>
      <link>/blog/16.html/</link>
      <pubDate>Fri, 13 Nov 2020 12:56:00 +0000</pubDate>
      
      <guid>/blog/16.html/</guid>
      <description>今天在写new Date()时候，无意中发现了一个很有意思的方法，getTime()，百度了一下，有人说是计算从1970年1月1日至今的毫秒数 为什么要是1970年呢？ new Date().getTime(); // xxxxxxxxxxx 这个起源于unix的诞生，因</description>
    </item>
    
    <item>
      <title>面向对象编程</title>
      <link>/blog/15.html/</link>
      <pubDate>Thu, 12 Nov 2020 12:58:00 +0000</pubDate>
      
      <guid>/blog/15.html/</guid>
      <description>面向对象把构成问题的transaction分解成各个对象，而建立对象的目的也不是为了完成一个个步骤，而是为了描述某个事物在解决整个问题的过程中所发生的行为，意在写出通用代码，加强代码重用，屏蔽差异性。</description>
    </item>
    
    <item>
      <title>小张厨房日记（更新中...）</title>
      <link>/blog/14.html/</link>
      <pubDate>Mon, 09 Nov 2020 21:13:00 +0000</pubDate>
      
      <guid>/blog/14.html/</guid>
      <description>厨房日记，记录我的&amp;rsquo;高光&amp;rsquo;时刻 今日菜谱 莴笋炒肉 准备食材：两根莴笋，一块猪肉，两只青椒 调料：盐，酱油，醋，油，料酒，姜，蒜 炒菜前10分钟将猪肉从冰箱取出，放进碗中，用水浸解冻 将莴</description>
    </item>
    
    <item>
      <title>javascript——函数、变量和方法</title>
      <link>/blog/13.html/</link>
      <pubDate>Wed, 04 Nov 2020 21:12:00 +0000</pubDate>
      
      <guid>/blog/13.html/</guid>
      <description>当代码出现有规律的重复之后，可以利用函数，定义变量，调用方法，不用去重复的改动代码，只需要进行函数的修改。基本上所有的高级语言都支持函数，javascript也不例外，它可以像变量一样被使用，方便且强</description>
    </item>
    
    <item>
      <title>HTML事件属性--DOM</title>
      <link>/blog/12.html/</link>
      <pubDate>Thu, 29 Oct 2020 21:12:00 +0000</pubDate>
      
      <guid>/blog/12.html/</guid>
      <description>研究html的对象，事件和方法，从js的角度来思考，这个标签的属性是通过什么方法，触发什么事件来实现的 键盘鼠标事件 页面窗口事件 表单事件 一、window事件属性 针对window对象触发的事件，在&amp;lt;</description>
    </item>
    
    <item>
      <title>js基本语法</title>
      <link>/blog/11.html/</link>
      <pubDate>Wed, 21 Oct 2020 21:11:00 +0000</pubDate>
      
      <guid>/blog/11.html/</guid>
      <description>在学习js基本语法的过程中，把遇见的知识点和问题记录喜下来，以便未来复习和参考。 数据类型有：数据，字符串，数组，数字，布尔值等。 一、数据类型 1.number 2.布尔值 只有true和false两种，可以直接用true</description>
    </item>
    
    <item>
      <title>chrome浏览器中对autoplay的一些处理技巧</title>
      <link>/blog/8.html/</link>
      <pubDate>Fri, 11 Sep 2020 21:08:00 +0000</pubDate>
      
      <guid>/blog/8.html/</guid>
      <description>我在写博客的时候，想给博客网页添加自己喜欢的音乐，这样我在写作和阅读的时候，心情也会比较愉悦，这个时候，我们就需要用到audio这个标签。 &amp;lt;audio src=&amp;#34;&amp;#34;&amp;gt;&amp;lt;/audio&amp;gt; 同时audio标签还带有很多实用的属性，常用的有以下几个：</description>
    </item>
    
    <item>
      <title>文字溢出隐藏以及和flex冲突的问题</title>
      <link>/blog/6.html/</link>
      <pubDate>Mon, 03 Aug 2020 21:08:00 +0000</pubDate>
      
      <guid>/blog/6.html/</guid>
      <description>在某些段落中，页面要求文字只显示一行，但是width固定，而文字过长，就会出现一个需求，超过长度限制的文字被隐藏且显示省略号，css 支持这样的属性。 单行文本溢出隐藏 div{ overflow: hidden; white-space: nowrap; text-overflow: ellipsis; } 多行文本溢出隐藏 div {</description>
    </item>
    
    <item>
      <title>vue生命周期</title>
      <link>/blog/5.html/</link>
      <pubDate>Fri, 19 Jun 2020 21:07:00 +0000</pubDate>
      
      <guid>/blog/5.html/</guid>
      <description>学习vue中一个非常重要的领域，就是生命周期，它包含了很多的内容。每个vue实例在被创建的时候都要经历一系列的初始化过程，这个过程就是vue的生命周期。 每个vue实例在被创建的时候都要经过一系列的初始</description>
    </item>
    
  </channel>
</rss>
