<?xml version="1.0" encoding="utf-8" standalone="yes"?>
<rss version="2.0" xmlns:atom="http://www.w3.org/2005/Atom">
  <channel>
    <title>工具 on 子舒的博客</title>
    <link>/tags/%E5%B7%A5%E5%85%B7/</link>
    <description>Recent content in 工具 on 子舒的博客</description>
    <generator>Hugo -- gohugo.io</generator>
    <language>en-us</language>
    <lastBuildDate>Thu, 25 Feb 2021 22:41:00 +0000</lastBuildDate><atom:link href="/tags/%E5%B7%A5%E5%85%B7/index.xml" rel="self" type="application/rss+xml" />
    <item>
      <title>使用宝塔面板安装 autoPicCdn 图床工具</title>
      <link>/blog/51.html/</link>
      <pubDate>Thu, 25 Feb 2021 22:41:00 +0000</pubDate>
      
      <guid>/blog/51.html/</guid>
      <description>很多小伙伴在做个人网站或者博客时，总能用到各种各样的图床工具，毕竟在写文章的时候需要插入一些图片，我也不例外，来盘点一下之前用的工具， 最开始是找一些免费的图床网站，比如sm.ms等，但是后来为了安全性</description>
    </item>
    
    <item>
      <title>webpack安装配置指令</title>
      <link>/blog/30.html/</link>
      <pubDate>Thu, 26 Nov 2020 13:08:00 +0000</pubDate>
      
      <guid>/blog/30.html/</guid>
      <description>进行重新加载编译。实际就是将浏览器不认识的语法编译成浏览器认识的语法。比如less编译成css，ES6 语法 转成 ES5等等。 减少io请求,通常我们在请求后，会返回一个html到浏览器。这时，我们如果打开</description>
    </item>
    
  </channel>
</rss>
