<?xml version="1.0" encoding="utf-8" standalone="yes"?>
<rss version="2.0" xmlns:atom="http://www.w3.org/2005/Atom">
  <channel>
    <title>php on 子舒的博客</title>
    <link>/tags/php/</link>
    <description>Recent content in php on 子舒的博客</description>
    <generator>Hugo -- gohugo.io</generator>
    <language>en-us</language>
    <lastBuildDate>Tue, 22 Feb 2022 17:12:00 +0000</lastBuildDate><atom:link href="/tags/php/index.xml" rel="self" type="application/rss+xml" />
    <item>
      <title>【笔记】使用php写接口文件调用数据</title>
      <link>/blog/103.html/</link>
      <pubDate>Tue, 22 Feb 2022 17:12:00 +0000</pubDate>
      
      <guid>/blog/103.html/</guid>
      <description>如何使用 php 写一个接口，然后将数据以 json 文件格式调用。 &amp;lt;?php header(&amp;#39;Content-Type:application/json; charset=utf-8&amp;#39;); header(&amp;#34;Access-Control-Allow-Origin:*&amp;#34;); $servername = &amp;#34;localhost&amp;#34;; $username = &amp;#34;数据库账号&amp;#34;; $password = &amp;#34;数据库密码&amp;#34;; $dbname = &amp;#34;数据库名称&amp;#34;; // 创建连接 $conn = new mysqli($servername, $username, $password, $dbname); // 检</description>
    </item>
    
  </channel>
</rss>
