<?xml version="1.0" encoding="utf-8" standalone="yes"?>
<rss version="2.0" xmlns:atom="http://www.w3.org/2005/Atom">
  <channel>
    <title>win11 on 子舒的博客</title>
    <link>/tags/win11/</link>
    <description>Recent content in win11 on 子舒的博客</description>
    <generator>Hugo -- gohugo.io</generator>
    <language>en-us</language>
    <lastBuildDate>Tue, 02 Aug 2022 16:39:00 +0000</lastBuildDate><atom:link href="/tags/win11/index.xml" rel="self" type="application/rss+xml" />
    <item>
      <title>win11 使用 10版本的鼠标右键设置</title>
      <link>/blog/155.html/</link>
      <pubDate>Tue, 02 Aug 2022 16:39:00 +0000</pubDate>
      
      <guid>/blog/155.html/</guid>
      <description>实测好用，没有坑。 管理员权限下打开终端，输入。 reg add &amp;#34;HKCU\Software\Classes\CLSID\{86ca1aa0-34aa-4e8b-a509-50c905bae2a2}\InprocServer32&amp;#34; /f /ve 随后重新启动资源管理器即可 taskkill /f /im explorer.exe &amp;amp; start explorer.exe 恢复默认指令。 reg delete &amp;#34;HKCU\Software\Classes\CLSID\{86ca1aa0-34aa-4e8b-a509-50c905bae2a2}&amp;#34; /f</description>
    </item>
    
  </channel>
</rss>
