<?xml version="1.0" encoding="utf-8" standalone="yes"?>
<rss version="2.0" xmlns:atom="http://www.w3.org/2005/Atom">
  <channel>
    <title>hugo on 子舒的博客</title>
    <link>/tags/hugo/</link>
    <description>Recent content in hugo on 子舒的博客</description>
    <generator>Hugo -- gohugo.io</generator>
    <language>en-us</language>
    <lastBuildDate>Sat, 04 Feb 2023 00:00:00 +0000</lastBuildDate><atom:link href="/tags/hugo/index.xml" rel="self" type="application/rss+xml" />
    <item>
      <title>如何让 hugo 支持渲染 html 代码？</title>
      <link>/blog/183.html/</link>
      <pubDate>Sat, 04 Feb 2023 00:00:00 +0000</pubDate>
      
      <guid>/blog/183.html/</guid>
      <description>想在文章中插入 iframe, video, 以及其他比如 summar y等标签，可以配置一下 config 文件。 如果是 config.toml，加上下面配置； [markup] [markup.goldmark] [markup.goldmark.renderer] unsafe = true 如果是 config.yaml，加上下面配置； markup: goldmark: renderer: unsafe: true 这样就可以在文章中插入 iframe, video, 以</description>
    </item>
    
  </channel>
</rss>
