<?xml version="1.0" encoding="utf-8" standalone="yes"?>
<rss version="2.0" xmlns:atom="http://www.w3.org/2005/Atom">
  <channel>
    <title>地理 on 子舒的博客</title>
    <link>/tags/%E5%9C%B0%E7%90%86/</link>
    <description>Recent content in 地理 on 子舒的博客</description>
    <generator>Hugo -- gohugo.io</generator>
    <language>en-us</language>
    <lastBuildDate>Thu, 10 Jun 2021 15:39:00 +0000</lastBuildDate><atom:link href="/tags/%E5%9C%B0%E7%90%86/index.xml" rel="self" type="application/rss+xml" />
    <item>
      <title>冷知识世界新增一个大洋变成五大洋</title>
      <link>/blog/72.html/</link>
      <pubDate>Thu, 10 Jun 2021 15:39:00 +0000</pubDate>
      
      <guid>/blog/72.html/</guid>
      <description>从6月8日世界海洋日开始，南大洋将被认定为世界第五大洋。世界上就有七大洲，五大洋啦！中学课文需要改一改了。 美国国家地理学会宣布，南极洲周围海域将被称为南大洋，并正式承认南大洋为地球第五大洋。 南大洋是海</description>
    </item>
    
  </channel>
</rss>
