<?xml version="1.0" encoding="utf-8" standalone="yes"?>
<rss version="2.0" xmlns:atom="http://www.w3.org/2005/Atom">
  <channel>
    <title>插件 on 子舒的博客</title>
    <link>/tags/%E6%8F%92%E4%BB%B6/</link>
    <description>Recent content in 插件 on 子舒的博客</description>
    <generator>Hugo -- gohugo.io</generator>
    <language>en-us</language>
    <lastBuildDate>Tue, 07 Dec 2021 16:55:00 +0000</lastBuildDate><atom:link href="/tags/%E6%8F%92%E4%BB%B6/index.xml" rel="self" type="application/rss+xml" />
    <item>
      <title>实现图片灯箱功能</title>
      <link>/blog/88.html/</link>
      <pubDate>Tue, 07 Dec 2021 16:55:00 +0000</pubDate>
      
      <guid>/blog/88.html/</guid>
      <description>写博客必不可少的一个功能就是图片灯箱功能，也就是点击放大查看。但是不同程序的博客所使用的插件也都不一样，我这里研究出一套可以满足绝大部分程序的灯箱插件。已经测试过hexo, hugo, typecho 均无问题。 引入文件 首先引</description>
    </item>
    
  </channel>
</rss>
