[{"permalink":"/blog/202.html/","title":"昨夜梦有感"},{"permalink":"/blog/201.html/","title":"极美的晚霞画卷"},{"permalink":"/blog/200.html/","title":"aos 事件触发失败"},{"permalink":"/blog/199.html/","title":"晚霞彩虹"},{"permalink":"/blog/198.html/","title":"夜骑湘湖"},{"permalink":"/blog/197.html/","title":"vue2 中引入 Ant Design 报错问题"},{"permalink":"/blog/196.html/","title":"关于 HugoFast 这个项目"},{"permalink":"/blog/195.html/","title":"随想录 (10)"},{"permalink":"/blog/194.html/","title":"hugo纯静态编写一个字数统计脚本"},{"permalink":"/blog/193.html/","title":"周六爬山日常"},{"permalink":"/blog/192.html/","title":"Github Actions 自动化打包流程"},{"permalink":"/blog/191.html/","title":"从云溪竹径到九溪烟树"},{"permalink":"/blog/190.html/","title":"西湖 · 春游"},{"permalink":"/blog/189.html/","title":"用原生js给网站写个搜索功能"},{"permalink":"/blog/188.html/","title":"博客运行1000天了"},{"permalink":"/blog/187.html/","title":"GitHub生成一个新的ssh密钥"},{"permalink":"/blog/186.html/","title":"this.$set 给 vue 数组添加数据"},{"permalink":"/blog/185.html/","title":"乌镇 · 南浔"},{"permalink":"/blog/184.html/","title":"随想录 (10) --- 我是否陷入了信息茧房？"},{"permalink":"/blog/183.html/","title":"如何让 hugo 支持渲染 html 代码？"},{"permalink":"/blog/182.html/","title":"使用 cloudflare 反代 gravatar 免费生成国内镜像"},{"permalink":"/blog/181.html/","title":"利用 memos 生成的在线动态列表"},{"permalink":"/blog/180.html/","title":"分享一个页面点击特效"},{"permalink":"/blog/179.html/","title":"一周阳人日记"},{"permalink":"/blog/178.html/","title":"我的2022年度总结"},{"permalink":"/blog/177.html/","title":"贰拾肆年"},{"permalink":"/blog/176.html/","title":"未若柳絮因风起"},{"permalink":"/blog/175.html/","title":"js中 [ ]+{ } 和 { }+[ ] 的区别"},{"permalink":"/blog/174.html/","title":"11月8日月全食全程录像"},{"permalink":"/blog/173.html/","title":"霜叶红于二月花"},{"permalink":"/blog/172.html/","title":"安装一个基于 Github 的静态图床程序"},{"permalink":"/blog/171.html/","title":"localStorage 的相关运用"},{"permalink":"/blog/170.html/","title":"hugo 一键打包并上传 github"},{"permalink":"/blog/169.html/","title":"开发后的反省"},{"permalink":"/blog/168.html/","title":"将数组中多个对象的同名属性值取出合并成新数组"},{"permalink":"/blog/167.html/","title":"关于密码的一些想法"},{"permalink":"/blog/166.html/","title":"你是否想过成为一名作家？"},{"permalink":"/blog/165.html/","title":"文档和视频，你更喜欢哪种学习方式？"},{"permalink":"/blog/164.html/","title":"浴鹄湾游记"},{"permalink":"/blog/162.html/","title":"水利博物馆照片"},{"permalink":"/blog/159.html/","title":"火烧云"},{"permalink":"/blog/158.html/","title":"一些容易遗漏的点"},{"permalink":"/blog/157.html/","title":"随想录 (9)"},{"permalink":"/blog/156.html/","title":"随想录 (8)"},{"permalink":"/blog/155.html/","title":"win11 使用 10版本的鼠标右键设置"},{"permalink":"/blog/154.html/","title":"Anghunk 主题如何在后台评论列表解析表情？"},{"permalink":"/blog/153.html/","title":"随想录 (7) --- 随便写的别当真"},{"permalink":"/blog/152.html/","title":"出错了，面板运行时发生错误！"},{"permalink":"/blog/151.html/","title":"笔记:vue 中使用 axios 调用数据并渲染"},{"permalink":"/blog/148.html/","title":"新闻:2022年7月8日安倍晋三遭枪击"},{"permalink":"/blog/147.html/","title":"好久没看到这么蓝的天"},{"permalink":"/blog/146.html/","title":"obsidian:如何使用坚果云进行多端同步?"},{"permalink":"/blog/145.html/","title":"人民币小写转大写"},{"permalink":"/blog/143.html/","title":"掘金抽奖脚本"},{"permalink":"/blog/142.html/","title":"usb 接口的三面性"},{"permalink":"/blog/134.html/","title":"无题"},{"permalink":"/blog/133.html/","title":"随想录 (6)"},{"permalink":"/blog/132.html/","title":"typecho 评论回复艾特评论人"},{"permalink":"/blog/131.html/","title":"随想录 (5)"},{"permalink":"/blog/130.html/","title":"宝塔自动备份网站到邮箱教程"},{"permalink":"/blog/106.html/","title":"一个优雅的字体压缩解决方案 ---fonttools"},{"permalink":"/blog/127.html/","title":"随想录 (4)"},{"permalink":"/blog/128.html/","title":"分享一款自用的 v2ex 主题样式"},{"permalink":"/blog/125.html/","title":"随想录 (3)"},{"permalink":"/blog/124.html/","title":"docker部署思源笔记"},{"permalink":"/blog/122.html/","title":"随想录 (2)"},{"permalink":"/blog/121.html/","title":"关于我选择笔记系统这件小事"},{"permalink":"/blog/120.html/","title":"浏览器收藏夹一键填写博客评论信息"},{"permalink":"/blog/119.html/","title":"随想录 (1)"},{"permalink":"/blog/116.html/","title":"在宝塔中使用青龙面板代挂京豆"},{"permalink":"/blog/113.html/","title":"2022 清明出游"},{"permalink":"/blog/112.html/","title":"在nuxt中实现图片放大预览功能"},{"permalink":"/blog/111.html/","title":"在vue中制作canvas波浪图"},{"permalink":"/blog/110.html/","title":"增加了站内搜索功能"},{"permalink":"/blog/109.html/","title":"好久不做饭，突然上手倒也说得过去"},{"permalink":"/blog/108.html/","title":"小区封锁下的生活"},{"permalink":"/blog/107.html/","title":"sql中时间戳转日期"},{"permalink":"/blog/105.html/","title":"时隔六年我终于换电脑了"},{"permalink":"/blog/104.html/","title":"“不如吃茶去”"},{"permalink":"/blog/103.html/","title":"【笔记】使用php写接口文件调用数据"},{"permalink":"/blog/102.html/","title":"Nuxt.js如何部署Artalk和遇到的问题"},{"permalink":"/blog/99.html/","title":"2022新春快乐"},{"permalink":"/blog/100.html/","title":"如何使用谷歌插件为网站注入代码"},{"permalink":"/blog/101.html/","title":"使用Love主题的数据库"},{"permalink":"/blog/98.html/","title":"《夜幕》"},{"permalink":"/blog/97.html/","title":"读一读柏拉图的《理想国》"},{"permalink":"/blog/96.html/","title":"Nuxt 项目中如何引入百度统计？"},{"permalink":"/blog/95.html/","title":"网易云音乐年度报告分享"},{"permalink":"/blog/92.html/","title":"typecho 更换 gravatar 头像源"},{"permalink":"/blog/91.html/","title":"有关 cdn.jsdelivr.net 证书错误的一些想法"},{"permalink":"/blog/90.html/","title":"闲谈2021"},{"permalink":"/blog/88.html/","title":"实现图片灯箱功能"},{"permalink":"/blog/4.html/","title":"关于人际交往的礼节感触"},{"permalink":"/blog/84.html/","title":"网易云摸鱼，测测你的听歌流量"},{"permalink":"/blog/83.html/","title":"这两天的碎碎念"},{"permalink":"/blog/82.html/","title":"揭秘箭头函数"},{"permalink":"/blog/81.html/","title":"js奇怪的知识--console.table"},{"permalink":"/blog/80.html/","title":"通过 getTimezoneOffset() 方法判断当前时区是否为夏令时"},{"permalink":"/blog/79.html/","title":"有关国庆出行的感想"},{"permalink":"/blog/78.html/","title":"使用js随机生成背景颜色"},{"permalink":"/blog/77.html/","title":"hugo 如何使用 Cusdis ?"},{"permalink":"/blog/76.html/","title":"使用jq做一个数字递增效果"},{"permalink":"/blog/75.html/","title":"npm install 报错和取消本地代理的问题"},{"permalink":"/blog/74.html/","title":"关于我为什么要写博客？"},{"permalink":"/blog/73.html/","title":"将数据库中的图片信息导出并调用"},{"permalink":"/blog/72.html/","title":"冷知识世界新增一个大洋变成五大洋"},{"permalink":"/blog/71.html/","title":"在 vue 中使用 axios 调用数据"},{"permalink":"/blog/70.html/","title":"宝塔如何实现进程守护？"},{"permalink":"/blog/69.html/","title":"css 中 fixed 定位属性和动画的冲突问题及解决方法"},{"permalink":"/blog/68.html/","title":"Oracle数据库安装教程（超详细）"},{"permalink":"/blog/67.html/","title":"Typecho博客搭建及优化教程(详细)"},{"permalink":"/blog/66.html/","title":"网站引入iframe视频，如何实现高度自适应?"},{"permalink":"/blog/65.html/","title":"呼吸之野"},{"permalink":"/blog/64.html/","title":"基耶斯洛夫斯基和他的现实"},{"permalink":"/blog/63.html/","title":"基于 docsify 搭建一个文档"},{"permalink":"/blog/62.html/","title":"清明时节雨纷纷"},{"permalink":"/blog/61.html/","title":"我的 python 学习笔记"},{"permalink":"/blog/60.html/","title":"实时监听页面的变化"},{"permalink":"/blog/58.html/","title":"ajax 和 js 事件的执行顺序"},{"permalink":"/blog/59.html/","title":"ajax拼接模版字符串的几种方法"},{"permalink":"/blog/57.html/","title":"用ajax请求获取数据"},{"permalink":"/blog/56.html/","title":"IE10的兼容性处理"},{"permalink":"/blog/55.html/","title":"window.scroll 方法只能存在一次该如何解决？"},{"permalink":"/blog/54.html/","title":"IE10下`,`符号不能留白"},{"permalink":"/blog/53.html/","title":"怎么让 css3 里面的动画属性看起来更流畅?"},{"permalink":"/blog/52.html/","title":"chrome浏览器无法显示12px以下的字体"},{"permalink":"/blog/51.html/","title":"使用宝塔面板安装 autoPicCdn 图床工具"},{"permalink":"/blog/50.html/","title":"typecho 博客小表情无法显示问题"},{"permalink":"/blog/49.html/","title":"掘金个人主页头像旋转效果"},{"permalink":"/blog/48.html/","title":"ES5 和 ES6 的区别？"},{"permalink":"/blog/47.html/","title":"webpack 的核心概念和构建流程"},{"permalink":"/blog/46.html/","title":"小张厨房日记（二）"},{"permalink":"/blog/45.html/","title":"许嵩的歌又一次被抄袭！"},{"permalink":"/blog/44.html/","title":"基于 React 的富文本编辑器－－Braft Editor"},{"permalink":"/blog/43.html/","title":"使用 React 与 Vue 创建同一款 App，差别究竟有多大？"},{"permalink":"/blog/42.html/","title":"React 脚手架项目打包时的路径问题"},{"permalink":"/blog/41.html/","title":"如何在 React 中引入 less？"},{"permalink":"/blog/40.html/","title":"为什么 key 是必须的？"},{"permalink":"/blog/39.html/","title":"React 学习笔记（三）"},{"permalink":"/blog/38.html/","title":"2020年度总结"},{"permalink":"/blog/37.html/","title":"React －－万物皆可组件"},{"permalink":"/blog/36.html/","title":"javascript 进阶问题"},{"permalink":"/blog/35.html/","title":"React 学习笔记（二）"},{"permalink":"/blog/34.html/","title":"吐槽－－控制好自己的情绪"},{"permalink":"/blog/33.html/","title":"React 中的占位符 Fragment"},{"permalink":"/blog/32.html/","title":"为什么不可变性在 React 中那么重要？"},{"permalink":"/blog/31.html/","title":"关于react的一份学习计划"},{"permalink":"/blog/30.html/","title":"webpack安装配置指令"},{"permalink":"/blog/29.html/","title":"vue学习笔记(3)－－computed, watch，calss, style"},{"permalink":"/blog/28.html/","title":"vue学习笔记(2)－－vue实例和模板语法"},{"permalink":"/blog/27.html/","title":"vue学习笔记(1)－－什么是vue?"},{"permalink":"/blog/26.html/","title":"React 学习笔记（一）"},{"permalink":"/blog/25.html/","title":"对象，类和接口之间的关系"},{"permalink":"/blog/24.html/","title":"vue使用cli脚手架构建项目工程"},{"permalink":"/blog/23.html/","title":"react学习路径－－怎么学习react？"},{"permalink":"/blog/22.html/","title":"在js中运算不能随便把value属性定义成变量"},{"permalink":"/blog/21.html/","title":"事件监听函数，以及事件的捕获和冒泡机制"},{"permalink":"/blog/19.html/","title":"getElementBy系列和querySelector系列的区别"},{"permalink":"/blog/18.html/","title":"DOM－－文档对象模型"},{"permalink":"/blog/17.html/","title":"有关js函数，方法的一些补充总结"},{"permalink":"/blog/16.html/","title":"为什么getTime()返回1970年至今的毫秒？"},{"permalink":"/blog/15.html/","title":"面向对象编程"},{"permalink":"/blog/14.html/","title":"小张厨房日记（更新中...）"},{"permalink":"/blog/13.html/","title":"javascript——函数、变量和方法"},{"permalink":"/blog/12.html/","title":"HTML事件属性--DOM"},{"permalink":"/blog/11.html/","title":"js基本语法"},{"permalink":"/blog/10.html/","title":"对全栈的一些思考"},{"permalink":"/blog/8.html/","title":"chrome浏览器中对autoplay的一些处理技巧"},{"permalink":"/blog/7.html/","title":"推荐书籍《CSS世界》"},{"permalink":"/blog/6.html/","title":"文字溢出隐藏以及和flex冲突的问题"},{"permalink":"/blog/5.html/","title":"vue生命周期"},{"permalink":"/blog/1.html/","title":"hello, world"}]