<?xml version="1.0" encoding="utf-8" standalone="yes"?>
<rss version="2.0" xmlns:atom="http://www.w3.org/2005/Atom">
  <channel>
    <title>字体 on 子舒的博客</title>
    <link>/tags/%E5%AD%97%E4%BD%93/</link>
    <description>Recent content in 字体 on 子舒的博客</description>
    <generator>Hugo -- gohugo.io</generator>
    <language>en-us</language>
    <lastBuildDate>Tue, 24 May 2022 14:28:00 +0000</lastBuildDate><atom:link href="/tags/%E5%AD%97%E4%BD%93/index.xml" rel="self" type="application/rss+xml" />
    <item>
      <title>一个优雅的字体压缩解决方案 ---fonttools</title>
      <link>/blog/106.html/</link>
      <pubDate>Tue, 24 May 2022 14:28:00 +0000</pubDate>
      
      <guid>/blog/106.html/</guid>
      <description>分享一个 python 的库 &amp;mdash;fonttools，针对字体文件进行处理非常方便。 下载 需要先在电脑上下载 python 环境，这个就不多说了。 然后在本地命令行输入： pip install fonttools 字体库 本地新建一个文件夹，取名为 fonts ，随意即可。将</description>
    </item>
    
  </channel>
</rss>
