<?xml version="1.0" encoding="utf-8" standalone="yes"?>
<rss version="2.0" xmlns:atom="http://www.w3.org/2005/Atom">
  <channel>
    <title>jquery on 子舒的博客</title>
    <link>/tags/jquery/</link>
    <description>Recent content in jquery on 子舒的博客</description>
    <generator>Hugo -- gohugo.io</generator>
    <language>en-us</language>
    <lastBuildDate>Tue, 14 Sep 2021 15:42:00 +0000</lastBuildDate><atom:link href="/tags/jquery/index.xml" rel="self" type="application/rss+xml" />
    <item>
      <title>使用jq做一个数字递增效果</title>
      <link>/blog/76.html/</link>
      <pubDate>Tue, 14 Sep 2021 15:42:00 +0000</pubDate>
      
      <guid>/blog/76.html/</guid>
      <description>数字递增，顾名思义就是数字不断增加，数字递增的效果就是要一定时间内，让数字有一个增加的特效，一般用于强调某个内容。 用 jquery 也很好处理，大概就是下面这些。 data-to 属性代表最后想要递增到的数值 data-speed 代表数值想要递增的过</description>
    </item>
    
  </channel>
</rss>
