<?xml version="1.0" encoding="utf-8" standalone="yes"?>
<rss version="2.0" xmlns:atom="http://www.w3.org/2005/Atom">
  <channel>
    <title>信息茧房 on 子舒的博客</title>
    <link>/tags/%E4%BF%A1%E6%81%AF%E8%8C%A7%E6%88%BF/</link>
    <description>Recent content in 信息茧房 on 子舒的博客</description>
    <generator>Hugo -- gohugo.io</generator>
    <language>en-us</language>
    <lastBuildDate>Mon, 13 Feb 2023 00:00:00 +0000</lastBuildDate><atom:link href="/tags/%E4%BF%A1%E6%81%AF%E8%8C%A7%E6%88%BF/index.xml" rel="self" type="application/rss+xml" />
    <item>
      <title>随想录 (10) --- 我是否陷入了信息茧房？</title>
      <link>/blog/184.html/</link>
      <pubDate>Mon, 13 Feb 2023 00:00:00 +0000</pubDate>
      
      <guid>/blog/184.html/</guid>
      <description>如题，我是否陷入了信息茧房？暂时是以一个疑问句的形式出现，因为我还未确认事实真的如此。 什么是信息茧房？ 信息茧房是一种现代的网络语境下的概念，指的是某些人因过度沉溺于网络而逐渐隔离于现实世界，形成了一种</description>
    </item>
    
  </channel>
</rss>
