<?xml version="1.0" encoding="utf-8" standalone="yes"?>
<rss version="2.0" xmlns:atom="http://www.w3.org/2005/Atom">
  <channel>
    <title>ajax on 子舒的博客</title>
    <link>/tags/ajax/</link>
    <description>Recent content in ajax on 子舒的博客</description>
    <generator>Hugo -- gohugo.io</generator>
    <language>en-us</language>
    <lastBuildDate>Fri, 09 Jul 2021 21:03:00 +0000</lastBuildDate><atom:link href="/tags/ajax/index.xml" rel="self" type="application/rss+xml" />
    <item>
      <title>将数据库中的图片信息导出并调用</title>
      <link>/blog/73.html/</link>
      <pubDate>Fri, 09 Jul 2021 21:03:00 +0000</pubDate>
      
      <guid>/blog/73.html/</guid>
      <description>接口链接：http://121.196.166.173/img/img.php 展示demo：http://121.196.166.173/img 前言 为了写博客以及其他的一些用途，我使用服务器搭建了一个</description>
    </item>
    
    <item>
      <title>在 vue 中使用 axios 调用数据</title>
      <link>/blog/71.html/</link>
      <pubDate>Tue, 08 Jun 2021 21:02:00 +0000</pubDate>
      
      <guid>/blog/71.html/</guid>
      <description>如何在 vue 中完成一次接口的调用？首选就是 axios，方便快捷又好用，支持各种 api ,封装也很方便。 先用 node 安装一下。 npm install axios 然后在 main.js 文件中引入。 import axios from &amp;#39;axios&amp;#39; import VueAxios from &amp;#39;vue-axios&amp;#39; Vue.use(VueAxios, axios) 以我的一个工程目录作为实例，看一下代码。 // ListThere.vue //</description>
    </item>
    
    <item>
      <title>ajax 和 js 事件的执行顺序</title>
      <link>/blog/58.html/</link>
      <pubDate>Tue, 23 Mar 2021 15:12:00 +0000</pubDate>
      
      <guid>/blog/58.html/</guid>
      <description>有一个需求，滚轮滚动到相应位置的时候执行当前的动画，这个动画在footer里面，而网页的主体通过ajax进行渲染，我在js里面调用ajax渲染数据，然后再获取主体的高度，滚动到该高度的时候执行动画。 本</description>
    </item>
    
    <item>
      <title>ajax拼接模版字符串的几种方法</title>
      <link>/blog/59.html/</link>
      <pubDate>Mon, 22 Mar 2021 14:54:00 +0000</pubDate>
      
      <guid>/blog/59.html/</guid>
      <description>起因是因为IE10不兼容es6，所以引发了一系列的问题。 一 使用ajax拼接字符串有很多方法，最简单的莫过于使用es6的语法中的关键符号， str += `&amp;lt;li class=&amp;#34;wrap-item&amp;#34;&amp;gt; &amp;lt;div class=&amp;#34;pic-wrap&amp;#34;&amp;gt; &amp;lt;div class=&amp;#34;pic&amp;#34;&amp;gt; &amp;lt;div class=&amp;#34;pic-son&amp;#34;&amp;gt; &amp;lt;a href=&amp;#34; ` + item.link + `&amp;#34; target=&amp;#34;_blank&amp;#34;&amp;gt;&amp;lt;img src=&amp;#34; ` + item.pic+ `&amp;#34; alt=&amp;#34;</description>
    </item>
    
    <item>
      <title>用ajax请求获取数据</title>
      <link>/blog/57.html/</link>
      <pubDate>Fri, 19 Mar 2021 13:01:00 +0000</pubDate>
      
      <guid>/blog/57.html/</guid>
      <description>通过jquery进行ajax请求数据是一种较为简便的方式，我简单写了一个本地的data.json文件，然后用get请求数据，下面是部分代码 // ajax 请求获取数据 function picShow(){ var str = &amp;#39;&amp;#39;; $.ajax({ url:&amp;#39;./js/data.json&amp;#39;, type:&amp;#39;get&amp;#39;, dataType:&amp;#39;json&amp;#39;, success:function(data){ console.log(&amp;#39;success&amp;#39;) }, error: function() { console.log(&amp;#39;error&amp;#39;) } }) } picShow(); 但是</description>
    </item>
    
  </channel>
</rss>
