<?xml version="1.0" encoding="utf-8" standalone="yes"?>
<rss version="2.0" xmlns:atom="http://www.w3.org/2005/Atom">
  <channel>
    <title>报错 on 子舒的博客</title>
    <link>/tags/%E6%8A%A5%E9%94%99/</link>
    <description>Recent content in 报错 on 子舒的博客</description>
    <generator>Hugo -- gohugo.io</generator>
    <language>en-us</language>
    <lastBuildDate>Thu, 19 Aug 2021 11:15:00 +0000</lastBuildDate><atom:link href="/tags/%E6%8A%A5%E9%94%99/index.xml" rel="self" type="application/rss+xml" />
    <item>
      <title>npm install 报错和取消本地代理的问题</title>
      <link>/blog/75.html/</link>
      <pubDate>Thu, 19 Aug 2021 11:15:00 +0000</pubDate>
      
      <guid>/blog/75.html/</guid>
      <description>npm install下载依赖包的时候出现下面错误，请求失败。 npm ERR! FetchError: request to https://registry.npm.taobao.org/cnpm failed, reason: connect ECONNREFUSED 127.0.0.1:1181 调试过后发现是本地代理的问题，取消它。 npm config delete proxy npm config delete https-proxy npm install 成功运行，完毕。</description>
    </item>
    
  </channel>
</rss>
