<?xml version="1.0" encoding="utf-8" standalone="yes"?>
<rss version="2.0" xmlns:atom="http://www.w3.org/2005/Atom">
  <channel>
    <title>主题开发 on 子舒的博客</title>
    <link>/tags/%E4%B8%BB%E9%A2%98%E5%BC%80%E5%8F%91/</link>
    <description>Recent content in 主题开发 on 子舒的博客</description>
    <generator>Hugo -- gohugo.io</generator>
    <language>en-us</language>
    <lastBuildDate>Sat, 30 Jul 2022 20:11:00 +0000</lastBuildDate><atom:link href="/tags/%E4%B8%BB%E9%A2%98%E5%BC%80%E5%8F%91/index.xml" rel="self" type="application/rss+xml" />
    <item>
      <title>Anghunk 主题如何在后台评论列表解析表情？</title>
      <link>/blog/154.html/</link>
      <pubDate>Sat, 30 Jul 2022 20:11:00 +0000</pubDate>
      
      <guid>/blog/154.html/</guid>
      <description>本文专为 Anghunk 主题开发文档而写。 https://github.com/imzsh/Anghunk 方案是在梦繁星的协助下完成的。 介绍 Anghunk 评论携带很多精美的表情，但是正常情况下 Typecho 后台是没办法正常解析这些表情的。如下图； 但是，经过我解析表情之后，就可以变成下面这样，使用主题</description>
    </item>
    
  </channel>
</rss>
