<?xml version="1.0" encoding="utf-8" standalone="yes"?>
<rss version="2.0" xmlns:atom="http://www.w3.org/2005/Atom">
  <channel>
    <title>原创 on 子舒的博客</title>
    <link>/tags/%E5%8E%9F%E5%88%9B/</link>
    <description>Recent content in 原创 on 子舒的博客</description>
    <generator>Hugo -- gohugo.io</generator>
    <language>en-us</language>
    <lastBuildDate>Fri, 21 Jan 2022 12:00:00 +0000</lastBuildDate><atom:link href="/tags/%E5%8E%9F%E5%88%9B/index.xml" rel="self" type="application/rss+xml" />
    <item>
      <title>《夜幕》</title>
      <link>/blog/98.html/</link>
      <pubDate>Fri, 21 Jan 2022 12:00:00 +0000</pubDate>
      
      <guid>/blog/98.html/</guid>
      <description>0. 引言 如果再来一次的话，我不敢保证还会再做出这样的选择。 “悲剧是一种特殊的，无与伦比的喜剧。任何一种事物走到极端时，都会不可避免的朝着反方向前进。所以正确的方法应该是在随着时间的推移中，通过自身的动力</description>
    </item>
    
  </channel>
</rss>
