<?xml version="1.0" encoding="utf-8" standalone="yes"?>
<rss version="2.0" xmlns:atom="http://www.w3.org/2005/Atom">
  <channel>
    <title>备份 on 子舒的博客</title>
    <link>/tags/%E5%A4%87%E4%BB%BD/</link>
    <description>Recent content in 备份 on 子舒的博客</description>
    <generator>Hugo -- gohugo.io</generator>
    <language>en-us</language>
    <lastBuildDate>Wed, 25 May 2022 17:27:00 +0000</lastBuildDate><atom:link href="/tags/%E5%A4%87%E4%BB%BD/index.xml" rel="self" type="application/rss+xml" />
    <item>
      <title>宝塔自动备份网站到邮箱教程</title>
      <link>/blog/130.html/</link>
      <pubDate>Wed, 25 May 2022 17:27:00 +0000</pubDate>
      
      <guid>/blog/130.html/</guid>
      <description>前言 网站经常备份好处就是遇到问题以后可以迅速的恢复，不那么被动，防止信息丢失，操作性很大。虽然搭建一个网站非常容易，但为了应对网络上各种各样的意外情况，避免自己的网站付诸东流，做好网站备份是非常有必要</description>
    </item>
    
  </channel>
</rss>
