<?xml version="1.0" encoding="utf-8" standalone="yes"?>
<rss version="2.0" xmlns:atom="http://www.w3.org/2005/Atom">
  <channel>
    <title>梦 on 子舒的博客</title>
    <link>/tags/%E6%A2%A6/</link>
    <description>Recent content in 梦 on 子舒的博客</description>
    <generator>Hugo -- gohugo.io</generator>
    <language>en-us</language>
    <lastBuildDate>Mon, 10 Jul 2023 00:00:00 +0000</lastBuildDate><atom:link href="/tags/%E6%A2%A6/index.xml" rel="self" type="application/rss+xml" />
    <item>
      <title>昨夜梦有感</title>
      <link>/blog/202.html/</link>
      <pubDate>Mon, 10 Jul 2023 00:00:00 +0000</pubDate>
      
      <guid>/blog/202.html/</guid>
      <description>2023年07月09日夜梦 昨晚我做了一个梦，也许是因为最近太多玩《极限国度》的缘故。在梦中，我在一条陌生的赛道上狂飙，以极速骑行。当我经过一座拱桥时，遇到了一个年轻人，他和我做着相同的动作，优雅地在空</description>
    </item>
    
  </channel>
</rss>
