<?xml version="1.0" encoding="utf-8" standalone="yes"?>
<rss version="2.0" xmlns:atom="http://www.w3.org/2005/Atom">
  <channel>
    <title>搜索 on 子舒的博客</title>
    <link>/tags/%E6%90%9C%E7%B4%A2/</link>
    <description>Recent content in 搜索 on 子舒的博客</description>
    <generator>Hugo -- gohugo.io</generator>
    <language>en-us</language>
    <lastBuildDate>Fri, 25 Mar 2022 11:43:00 +0000</lastBuildDate><atom:link href="/tags/%E6%90%9C%E7%B4%A2/index.xml" rel="self" type="application/rss+xml" />
    <item>
      <title>增加了站内搜索功能</title>
      <link>/blog/110.html/</link>
      <pubDate>Fri, 25 Mar 2022 11:43:00 +0000</pubDate>
      
      <guid>/blog/110.html/</guid>
      <description>如题，我花了一个多小时，参照nuxt文档，把搜索功能给加上了，url地址 /search ，记录一下相关代码。 可以选择放在 components/&amp;lt;Search /&amp;gt; 里面，然后引入到 head 模板，也可以单独创建一个页面，我选择的是后者。 新建一个页面模板 /pages/search.vue 。 &amp;lt;template&amp;gt; &amp;lt;div&amp;gt; &amp;lt;HeaderMe</description>
    </item>
    
  </channel>
</rss>
