<?xml version="1.0" encoding="utf-8" standalone="yes"?>
<rss version="2.0" xmlns:atom="http://www.w3.org/2005/Atom">
  <channel>
    <title>gravatar on 子舒的博客</title>
    <link>/tags/gravatar/</link>
    <description>Recent content in gravatar on 子舒的博客</description>
    <generator>Hugo -- gohugo.io</generator>
    <language>en-us</language>
    <lastBuildDate>Wed, 01 Feb 2023 00:00:00 +0000</lastBuildDate><atom:link href="/tags/gravatar/index.xml" rel="self" type="application/rss+xml" />
    <item>
      <title>使用 cloudflare 反代 gravatar 免费生成国内镜像</title>
      <link>/blog/182.html/</link>
      <pubDate>Wed, 01 Feb 2023 00:00:00 +0000</pubDate>
      
      <guid>/blog/182.html/</guid>
      <description>cloudflare 有一个非常好用的功能&amp;mdash;Workers，可以在无服务器的状态下运行一些程序，包括常见的反向代理等。 所以我利用这一功能实现对 gravatar 反代，达到国内访问加速的目的。 话不多说，开始流程操作，分享我的部</description>
    </item>
    
    <item>
      <title>typecho 更换 gravatar 头像源</title>
      <link>/blog/92.html/</link>
      <pubDate>Tue, 21 Dec 2021 10:11:00 +0000</pubDate>
      
      <guid>/blog/92.html/</guid>
      <description>找到根目录下 config.inc.php 文件，在最前面加入下面的代码。 define(&amp;#39;__TYPECHO_GRAVATAR_PREFIX__&amp;#39;, &amp;#39;https://sdn.geekzu.org/avatar/&amp;#39;); 其中 https://sdn.geekzu.org/avatar/ 是一个国内源链接，这个是我目前找到的比较稳定的源。 如果这个源不能用了，可以更换其他的源，直接搜其他的相关国内源就可以了。 如果你有其他可以用的头像源</description>
    </item>
    
  </channel>
</rss>
