<?xml version="1.0" encoding="utf-8" standalone="yes"?>
<rss version="2.0" xmlns:atom="http://www.w3.org/2005/Atom">
  <channel>
    <title>ES6 on 子舒的博客</title>
    <link>/tags/es6/</link>
    <description>Recent content in ES6 on 子舒的博客</description>
    <generator>Hugo -- gohugo.io</generator>
    <language>en-us</language>
    <lastBuildDate>Wed, 20 Jan 2021 19:58:00 +0000</lastBuildDate><atom:link href="/tags/es6/index.xml" rel="self" type="application/rss+xml" />
    <item>
      <title>ES5 和 ES6 的区别？</title>
      <link>/blog/48.html/</link>
      <pubDate>Wed, 20 Jan 2021 19:58:00 +0000</pubDate>
      
      <guid>/blog/48.html/</guid>
      <description>一、javascript 由三部分组成 1.ECMAScript（核心） 它规定了语言的组成部分：法语，类型，语句，关键字，操作符等等。 2.DOM（文档对象模型） DOM 把整个页面映射为一个多层节点结果，开发人员</description>
    </item>
    
  </channel>
</rss>
