<?xml version="1.0" encoding="utf-8" standalone="yes"?>
<rss version="2.0" xmlns:atom="http://www.w3.org/2005/Atom">
  <channel>
    <title>图床 on 子舒的博客</title>
    <link>/tags/%E5%9B%BE%E5%BA%8A/</link>
    <description>Recent content in 图床 on 子舒的博客</description>
    <generator>Hugo -- gohugo.io</generator>
    <language>en-us</language>
    <lastBuildDate>Sat, 22 Oct 2022 00:00:00 +0000</lastBuildDate><atom:link href="/tags/%E5%9B%BE%E5%BA%8A/index.xml" rel="self" type="application/rss+xml" />
    <item>
      <title>安装一个基于 Github 的静态图床程序</title>
      <link>/blog/172.html/</link>
      <pubDate>Sat, 22 Oct 2022 00:00:00 +0000</pubDate>
      
      <guid>/blog/172.html/</guid>
      <description>demo: https://img.zburu.com/ 今天分享一下如何使用 Github 作为图床，首先就要推荐这个工具 picx 。 Github 仓库: https://github.com/XPoet/picx 本文的图片全部使用该工具上传，然后通过 Staticaly 进行cdn加速（这个在上传的时候自动生成链接。） 可以设置自动压缩、转码成 webp 格式。 基于 GitHub API 开</description>
    </item>
    
    <item>
      <title>将数据库中的图片信息导出并调用</title>
      <link>/blog/73.html/</link>
      <pubDate>Fri, 09 Jul 2021 21:03:00 +0000</pubDate>
      
      <guid>/blog/73.html/</guid>
      <description>接口链接：http://121.196.166.173/img/img.php 展示demo：http://121.196.166.173/img 前言 为了写博客以及其他的一些用途，我使用服务器搭建了一个</description>
    </item>
    
  </channel>
</rss>
