<?xml version="1.0" encoding="utf-8" standalone="yes"?>
<rss version="2.0" xmlns:atom="http://www.w3.org/2005/Atom">
  <channel>
    <title>宝塔 on 子舒的博客</title>
    <link>/tags/%E5%AE%9D%E5%A1%94/</link>
    <description>Recent content in 宝塔 on 子舒的博客</description>
    <generator>Hugo -- gohugo.io</generator>
    <language>en-us</language>
    <lastBuildDate>Mon, 18 Jul 2022 11:51:00 +0000</lastBuildDate><atom:link href="/tags/%E5%AE%9D%E5%A1%94/index.xml" rel="self" type="application/rss+xml" />
    <item>
      <title>出错了，面板运行时发生错误！</title>
      <link>/blog/152.html/</link>
      <pubDate>Mon, 18 Jul 2022 11:51:00 +0000</pubDate>
      
      <guid>/blog/152.html/</guid>
      <description># 删除之前无法使用的面板环境 rm -rf /www/server/panel/pyenv #重新获取新的面板环境和更新包 curl http://download.bt.cn/install/update_panel.sh|bash</description>
    </item>
    
    <item>
      <title>宝塔自动备份网站到邮箱教程</title>
      <link>/blog/130.html/</link>
      <pubDate>Wed, 25 May 2022 17:27:00 +0000</pubDate>
      
      <guid>/blog/130.html/</guid>
      <description>前言 网站经常备份好处就是遇到问题以后可以迅速的恢复，不那么被动，防止信息丢失，操作性很大。虽然搭建一个网站非常容易，但为了应对网络上各种各样的意外情况，避免自己的网站付诸东流，做好网站备份是非常有必要</description>
    </item>
    
    <item>
      <title>在宝塔中使用青龙面板代挂京豆</title>
      <link>/blog/116.html/</link>
      <pubDate>Fri, 15 Apr 2022 13:57:00 +0000</pubDate>
      
      <guid>/blog/116.html/</guid>
      <description>如题所述，想要在闲置的服务器中跑一些服务，青龙面板代挂京豆现存很多开源的脚本，安全性已经经过很多人验证，可以放心使用。 因此我也安排了一个脚本，成功部署之后，就写这篇不算教程的笔记来记录一下整个过程。 Github:</description>
    </item>
    
    <item>
      <title>宝塔如何实现进程守护？</title>
      <link>/blog/70.html/</link>
      <pubDate>Sun, 30 May 2021 11:37:00 +0000</pubDate>
      
      <guid>/blog/70.html/</guid>
      <description>为了方便写一些东西，pc端和手机端都可以同步，我用leanote搭建了一个在线笔记，但是必须在服务器后台运行一个指令 base run.sh 不然就访问不了端口，我也不可能时刻在终端保持指令运行，所以就需要把指令放在服务器</description>
    </item>
    
  </channel>
</rss>
