<?xml version="1.0" encoding="utf-8" standalone="yes"?>
<rss version="2.0" xmlns:atom="http://www.w3.org/2005/Atom">
  <channel>
    <title>随想录 on 子舒的博客</title>
    <link>/tags/%E9%9A%8F%E6%83%B3%E5%BD%95/</link>
    <description>Recent content in 随想录 on 子舒的博客</description>
    <generator>Hugo -- gohugo.io</generator>
    <language>en-us</language>
    <lastBuildDate>Mon, 13 Feb 2023 00:00:00 +0000</lastBuildDate><atom:link href="/tags/%E9%9A%8F%E6%83%B3%E5%BD%95/index.xml" rel="self" type="application/rss+xml" />
    <item>
      <title>随想录 (10) --- 我是否陷入了信息茧房？</title>
      <link>/blog/184.html/</link>
      <pubDate>Mon, 13 Feb 2023 00:00:00 +0000</pubDate>
      
      <guid>/blog/184.html/</guid>
      <description>如题，我是否陷入了信息茧房？暂时是以一个疑问句的形式出现，因为我还未确认事实真的如此。 什么是信息茧房？ 信息茧房是一种现代的网络语境下的概念，指的是某些人因过度沉溺于网络而逐渐隔离于现实世界，形成了一种</description>
    </item>
    
    <item>
      <title>随想录 (9)</title>
      <link>/blog/157.html/</link>
      <pubDate>Sun, 07 Aug 2022 18:47:00 +0000</pubDate>
      
      <guid>/blog/157.html/</guid>
      <description>落霞与孤鹜齐飞，秋水共长天一色。 放个图防止抑郁。 昨天看了一个帖子很有感触，土生土长的城市本地人很难体会每隔一段时间要重新建立社会关系的难受，从小到大，每到一个地方上学，从陌生变为熟悉，中间总有有一段难</description>
    </item>
    
    <item>
      <title>随想录 (8)</title>
      <link>/blog/156.html/</link>
      <pubDate>Thu, 04 Aug 2022 10:29:00 +0000</pubDate>
      
      <guid>/blog/156.html/</guid>
      <description>来自一位朋友的意难平。</description>
    </item>
    
    <item>
      <title>随想录 (7) --- 随便写的别当真</title>
      <link>/blog/153.html/</link>
      <pubDate>Fri, 29 Jul 2022 17:11:00 +0000</pubDate>
      
      <guid>/blog/153.html/</guid>
      <description>好像很久没有写随笔了，最近发生的事很多，却不是件件如人心意。上午烈日当空，下午乌云密布，也已经是常事。当然我说的是天气。 生活只是尽量让自己过的更好，喂自己一口毒鸡汤，艰难前行。 &amp;ldquo;定个小目标</description>
    </item>
    
    <item>
      <title>随想录 (6)</title>
      <link>/blog/133.html/</link>
      <pubDate>Fri, 10 Jun 2022 12:29:00 +0000</pubDate>
      
      <guid>/blog/133.html/</guid>
      <description>随着年龄的增长，越发感觉自我想象力的缺失。 最近迷上了科幻小说，遂找到刘慈欣的小说集，大概二十多篇，花上一周时间研读完毕，只有一种惊艳的感觉，不论是文笔还是世界观架构，都令我着迷。 而大刘作为理工生，将充</description>
    </item>
    
    <item>
      <title>随想录 (5)</title>
      <link>/blog/131.html/</link>
      <pubDate>Thu, 02 Jun 2022 08:54:00 +0000</pubDate>
      
      <guid>/blog/131.html/</guid>
      <description>抽空看完了爱死机第三季，个人感受比第二季优秀，但是还是不如第一季。太过追求三者的结合，科幻与死亡的元素，不够灵活。 但是其中的剧情还是比较精彩的，比如邪神那一集，估计只有了解克苏鲁的人才能看懂，结局也比</description>
    </item>
    
    <item>
      <title>随想录 (4)</title>
      <link>/blog/127.html/</link>
      <pubDate>Fri, 13 May 2022 10:37:00 +0000</pubDate>
      
      <guid>/blog/127.html/</guid>
      <description>好事和坏事总是接踵而至，你永远不知道下一秒会发生什么。但是总有解决的办法，不是吗？但实际上我也不确定。 昨天很晚才睡，想了很多，乱七八糟的。生活哪有容易的事情，就跟摸石头过河一样，跌跌拌拌，最后才找到适</description>
    </item>
    
    <item>
      <title>随想录 (3)</title>
      <link>/blog/125.html/</link>
      <pubDate>Fri, 06 May 2022 13:23:00 +0000</pubDate>
      
      <guid>/blog/125.html/</guid>
      <description>五一假期回老家处理一些事情，收拾东西的时候，从角落里翻出来几张老照片，很有怀念意义。（2022/05/03） 好事和坏事总是接踵而至，你永远不知道下一秒会发生什么。但是总有解决的办法，不是吗？（2022</description>
    </item>
    
    <item>
      <title>随想录 (2)</title>
      <link>/blog/122.html/</link>
      <pubDate>Fri, 29 Apr 2022 09:48:00 +0000</pubDate>
      
      <guid>/blog/122.html/</guid>
      <description>今天醒的很早，原来以为是失眠，结果是早起，这两天发生的有点多，导致情绪都有些低落，精神萎靡。希望风波赶紧过去，太影响生活了。 （2022/04/25） 很喜欢雨后的阴天，骑着车，微凉的空气扑面而来，清新而</description>
    </item>
    
    <item>
      <title>随想录 (1)</title>
      <link>/blog/119.html/</link>
      <pubDate>Sun, 24 Apr 2022 09:29:00 +0000</pubDate>
      
      <guid>/blog/119.html/</guid>
      <description>正式启动一周碎碎念计划，起因是无意中发现了一个网站，古天乐的博客 。看完之后震撼了，虽然每天都是很简短的一句话，但是一个习惯坚持了12年。 因为我决定仿效他的做法，看看自己是否能坚持足够长的时间。碎片化一</description>
    </item>
    
  </channel>
</rss>
