<?xml version="1.0" encoding="utf-8" standalone="yes"?>
<rss version="2.0" xmlns:atom="http://www.w3.org/2005/Atom">
  <channel>
    <title>IE on 子舒的博客</title>
    <link>/tags/ie/</link>
    <description>Recent content in IE on 子舒的博客</description>
    <generator>Hugo -- gohugo.io</generator>
    <language>en-us</language>
    <lastBuildDate>Thu, 18 Mar 2021 22:15:00 +0000</lastBuildDate><atom:link href="/tags/ie/index.xml" rel="self" type="application/rss+xml" />
    <item>
      <title>IE10的兼容性处理</title>
      <link>/blog/56.html/</link>
      <pubDate>Thu, 18 Mar 2021 22:15:00 +0000</pubDate>
      
      <guid>/blog/56.html/</guid>
      <description>IE10不支持箭头函数，写js的时候慎用。 IE10下对js的语法要求严格，正常参数后如果没有多余的代码，写个,会报错，如果加了删掉就OK，Chrome下不会产生影响。 zoom属性能不用，尽量别用。我在</description>
    </item>
    
    <item>
      <title>window.scroll 方法只能存在一次该如何解决？</title>
      <link>/blog/55.html/</link>
      <pubDate>Wed, 17 Mar 2021 21:55:00 +0000</pubDate>
      
      <guid>/blog/55.html/</guid>
      <description>页面监听是我们经常用的一个功能，下面两个段代码表示两个事件，分别在页面滚动500px和1000px的时候触发，在代码中使用了箭头函数。 window.addEventListener(&amp;#39;scroll&amp;#39;, () =&amp;gt; { var scrollTop = document.documentElement.scrollTop if (scrollTop &amp;gt; 500) { console.log(&amp;#39;滚动了</description>
    </item>
    
    <item>
      <title>IE10下`,`符号不能留白</title>
      <link>/blog/54.html/</link>
      <pubDate>Tue, 16 Mar 2021 10:29:00 +0000</pubDate>
      
      <guid>/blog/54.html/</guid>
      <description>$(&amp;#34;#test&amp;#34;).click(function () { $(&amp;#39;html,body&amp;#39;).animate({ &amp;#39;scrollTop&amp;#39;: &amp;#39;0&amp;#39; }, 500,) }) 这行代码使用的是jquery的写法，一个500毫秒的动画，这样写在Chrome浏览器等没问题，可以正常运行。 但是今天在写项目的过程中，要求代码兼容到IE10，没办法，被迫在IE浏览器</description>
    </item>
    
  </channel>
</rss>
