<?xml version="1.0" encoding="utf-8" standalone="yes"?>
<rss version="2.0" xmlns:atom="http://www.w3.org/2005/Atom">
  <channel>
    <title>webpack on 子舒的博客</title>
    <link>/tags/webpack/</link>
    <description>Recent content in webpack on 子舒的博客</description>
    <generator>Hugo -- gohugo.io</generator>
    <language>en-us</language>
    <lastBuildDate>Mon, 18 Jan 2021 19:59:00 +0000</lastBuildDate><atom:link href="/tags/webpack/index.xml" rel="self" type="application/rss+xml" />
    <item>
      <title>webpack 的核心概念和构建流程</title>
      <link>/blog/47.html/</link>
      <pubDate>Mon, 18 Jan 2021 19:59:00 +0000</pubDate>
      
      <guid>/blog/47.html/</guid>
      <description>1.webpack 的核心概念 entry（入口）：一个可执行模块或者库的入口。定义了打包后的入口文件。 output（出口）：指示 webpack 如何去输出，以及在哪里输出。 path: 打包文件存放的绝对路径 publicPath: 网站运行时的访问路径 filename: 打包后的文件</description>
    </item>
    
    <item>
      <title>webpack安装配置指令</title>
      <link>/blog/30.html/</link>
      <pubDate>Thu, 26 Nov 2020 13:08:00 +0000</pubDate>
      
      <guid>/blog/30.html/</guid>
      <description>进行重新加载编译。实际就是将浏览器不认识的语法编译成浏览器认识的语法。比如less编译成css，ES6 语法 转成 ES5等等。 减少io请求,通常我们在请求后，会返回一个html到浏览器。这时，我们如果打开</description>
    </item>
    
  </channel>
</rss>
