<?xml version="1.0" encoding="utf-8" standalone="yes"?>
<rss version="2.0" xmlns:atom="http://www.w3.org/2005/Atom">
  <channel>
    <title>新闻 on 子舒的博客</title>
    <link>/tags/%E6%96%B0%E9%97%BB/</link>
    <description>Recent content in 新闻 on 子舒的博客</description>
    <generator>Hugo -- gohugo.io</generator>
    <language>en-us</language>
    <lastBuildDate>Fri, 08 Jul 2022 13:04:00 +0000</lastBuildDate><atom:link href="/tags/%E6%96%B0%E9%97%BB/index.xml" rel="self" type="application/rss+xml" />
    <item>
      <title>新闻:2022年7月8日安倍晋三遭枪击</title>
      <link>/blog/148.html/</link>
      <pubDate>Fri, 08 Jul 2022 13:04:00 +0000</pubDate>
      
      <guid>/blog/148.html/</guid>
      <description>2022年7月8日，安倍晋三在街头发表演讲时遭枪击。据奈良市消防局称，遇袭的安倍晋三目前失去意识，心肺停止。嫌疑人41岁男子山上彻也（现住奈良市）随后被控制。 相关报道: https://www.sohu.com/a/565207100_121425542 https://new.qq.com/omn/20220708/20220708A03YIA00.html</description>
    </item>
    
  </channel>
</rss>
