<?xml version="1.0" encoding="utf-8" standalone="yes"?>
<rss version="2.0" xmlns:atom="http://www.w3.org/2005/Atom">
  <channel>
    <title>脚本 on 子舒的博客</title>
    <link>/tags/%E8%84%9A%E6%9C%AC/</link>
    <description>Recent content in 脚本 on 子舒的博客</description>
    <generator>Hugo -- gohugo.io</generator>
    <language>en-us</language>
    <lastBuildDate>Fri, 15 Apr 2022 13:57:00 +0000</lastBuildDate><atom:link href="/tags/%E8%84%9A%E6%9C%AC/index.xml" rel="self" type="application/rss+xml" />
    <item>
      <title>在宝塔中使用青龙面板代挂京豆</title>
      <link>/blog/116.html/</link>
      <pubDate>Fri, 15 Apr 2022 13:57:00 +0000</pubDate>
      
      <guid>/blog/116.html/</guid>
      <description>如题所述，想要在闲置的服务器中跑一些服务，青龙面板代挂京豆现存很多开源的脚本，安全性已经经过很多人验证，可以放心使用。 因此我也安排了一个脚本，成功部署之后，就写这篇不算教程的笔记来记录一下整个过程。 Github:</description>
    </item>
    
  </channel>
</rss>
