<?xml version="1.0" encoding="utf-8" standalone="yes"?>
<rss version="2.0" xmlns:atom="http://www.w3.org/2005/Atom">
  <channel>
    <title>日记 on 子舒的博客</title>
    <link>/tags/%E6%97%A5%E8%AE%B0/</link>
    <description>Recent content in 日记 on 子舒的博客</description>
    <generator>Hugo -- gohugo.io</generator>
    <language>en-us</language>
    <lastBuildDate>Thu, 22 Dec 2022 00:00:00 +0000</lastBuildDate><atom:link href="/tags/%E6%97%A5%E8%AE%B0/index.xml" rel="self" type="application/rss+xml" />
    <item>
      <title>一周阳人日记</title>
      <link>/blog/179.html/</link>
      <pubDate>Thu, 22 Dec 2022 00:00:00 +0000</pubDate>
      
      <guid>/blog/179.html/</guid>
      <description>不出所料，每天往返于公司，地铁，住的地方，我阳了。 很难受，客观记录一下我的症状吧。 第一天：2022/12/19 持续发烧38℃左右，没有吃药，硬抗过去。 抗原测试呈阳性，应该是第二天或者第三天了，但是前几</description>
    </item>
    
  </channel>
</rss>
