<?xml version="1.0" encoding="utf-8" standalone="yes"?>
<rss version="2.0" xmlns:atom="http://www.w3.org/2005/Atom">
  <channel>
    <title>评论 on 子舒的博客</title>
    <link>/tags/%E8%AF%84%E8%AE%BA/</link>
    <description>Recent content in 评论 on 子舒的博客</description>
    <generator>Hugo -- gohugo.io</generator>
    <language>en-us</language>
    <lastBuildDate>Fri, 18 Feb 2022 13:48:00 +0000</lastBuildDate><atom:link href="/tags/%E8%AF%84%E8%AE%BA/index.xml" rel="self" type="application/rss+xml" />
    <item>
      <title>Nuxt.js如何部署Artalk和遇到的问题</title>
      <link>/blog/102.html/</link>
      <pubDate>Fri, 18 Feb 2022 13:48:00 +0000</pubDate>
      
      <guid>/blog/102.html/</guid>
      <description>花了两天时间，终于把 Artalk 部署好了，一款数据自托管带后端的评论程序，非常适合我。这篇文章就介绍一下我部署的流程，以及我在部署过程中遇到的一些问题，将它记录一下，以便之后研究，顺便对使用 Nuxt.js 搭建博客的伙伴提供</description>
    </item>
    
  </channel>
</rss>
