<?xml version="1.0" encoding="utf-8" standalone="yes"?>
<rss version="2.0" xmlns:atom="http://www.w3.org/2005/Atom">
  <channel>
    <title>感想 on 子舒的博客</title>
    <link>/tags/%E6%84%9F%E6%83%B3/</link>
    <description>Recent content in 感想 on 子舒的博客</description>
    <generator>Hugo -- gohugo.io</generator>
    <language>en-us</language>
    <lastBuildDate>Thu, 07 Oct 2021 06:15:00 +0000</lastBuildDate><atom:link href="/tags/%E6%84%9F%E6%83%B3/index.xml" rel="self" type="application/rss+xml" />
    <item>
      <title>有关国庆出行的感想</title>
      <link>/blog/79.html/</link>
      <pubDate>Thu, 07 Oct 2021 06:15:00 +0000</pubDate>
      
      <guid>/blog/79.html/</guid>
      <description>好长时间没回老家了，这次本想借着国庆七天回家一趟，顺便处理一些其他的事情。所以我从9月30日晚，与家人一同驾车回家。 艰难的回家之路 刚上高速跑得很快，原以为已经错开出行高峰期，结果发现是我想多了，不出意</description>
    </item>
    
  </channel>
</rss>
