<?xml version="1.0" encoding="utf-8" standalone="yes"?>
<rss version="2.0" xmlns:atom="http://www.w3.org/2005/Atom">
  <channel>
    <title>月全食 on 子舒的博客</title>
    <link>/tags/%E6%9C%88%E5%85%A8%E9%A3%9F/</link>
    <description>Recent content in 月全食 on 子舒的博客</description>
    <generator>Hugo -- gohugo.io</generator>
    <language>en-us</language>
    <lastBuildDate>Wed, 09 Nov 2022 00:00:00 +0000</lastBuildDate><atom:link href="/tags/%E6%9C%88%E5%85%A8%E9%A3%9F/index.xml" rel="self" type="application/rss+xml" />
    <item>
      <title>11月8日月全食全程录像</title>
      <link>/blog/174.html/</link>
      <pubDate>Wed, 09 Nov 2022 00:00:00 +0000</pubDate>
      
      <guid>/blog/174.html/</guid>
      <description>转自 youtube: https://youtu.be/o0ewAMw-ftg 很遗憾我自己的手机像素不行，拍不清晰，但是肉眼可见的红，也有些壮观。</description>
    </item>
    
  </channel>
</rss>
