<?xml version="1.0" encoding="utf-8" standalone="yes"?>
<rss version="2.0" xmlns:atom="http://www.w3.org/2005/Atom">
  <channel>
    <title>音乐 on 子舒的博客</title>
    <link>/tags/%E9%9F%B3%E4%B9%90/</link>
    <description>Recent content in 音乐 on 子舒的博客</description>
    <generator>Hugo -- gohugo.io</generator>
    <language>en-us</language>
    <lastBuildDate>Fri, 07 May 2021 21:48:00 +0000</lastBuildDate><atom:link href="/tags/%E9%9F%B3%E4%B9%90/index.xml" rel="self" type="application/rss+xml" />
    <item>
      <title>呼吸之野</title>
      <link>/blog/65.html/</link>
      <pubDate>Fri, 07 May 2021 21:48:00 +0000</pubDate>
      
      <guid>/blog/65.html/</guid>
      <description>2021许嵩第8张全创作专辑《呼吸之野》首支曲目《乌鸦》5月7日正式发行。 《乌鸦》 我们都曾领受过误解、怀疑、孤立，都品尝过爱而不得或种种挫败的滋味，都有过觉得“一切都糟透了”的时候……但感伤过后，却还</description>
    </item>
    
  </channel>
</rss>
