<?xml version="1.0" encoding="utf-8" standalone="yes"?>
<rss version="2.0" xmlns:atom="http://www.w3.org/2005/Atom">
  <channel>
    <title>css on 子舒的博客</title>
    <link>/tags/css/</link>
    <description>Recent content in css on 子舒的博客</description>
    <generator>Hugo -- gohugo.io</generator>
    <language>en-us</language>
    <lastBuildDate>Thu, 12 May 2022 13:46:00 +0000</lastBuildDate><atom:link href="/tags/css/index.xml" rel="self" type="application/rss+xml" />
    <item>
      <title>分享一款自用的 v2ex 主题样式</title>
      <link>/blog/128.html/</link>
      <pubDate>Thu, 12 May 2022 13:46:00 +0000</pubDate>
      
      <guid>/blog/128.html/</guid>
      <description>起因是因为觉得 v2ex 网站主题略有拥挤，阅读体验不好，而正好网站支持自定义 css，所以就在参考其他人的基础上，修改了一套比较美观的样式。 本来是自用的，但是看到有人发帖分享主题，我也索性将它分享出来了。 v2ex 帖子</description>
    </item>
    
    <item>
      <title>css 中 fixed 定位属性和动画的冲突问题及解决方法</title>
      <link>/blog/69.html/</link>
      <pubDate>Thu, 27 May 2021 21:42:00 +0000</pubDate>
      
      <guid>/blog/69.html/</guid>
      <description>1.问题 css 中使用动画属性会和同标签下的fixed属性冲突，导致定位失效，那么该如何解决他呢？ 2.分析 简单说一下问题产生的背景，昨天夜里我想给我的博客页面做一个简单的动画，浏览器刷新的时候从下往上渐现的</description>
    </item>
    
    <item>
      <title>网站引入iframe视频，如何实现高度自适应?</title>
      <link>/blog/66.html/</link>
      <pubDate>Sun, 09 May 2021 18:50:00 +0000</pubDate>
      
      <guid>/blog/66.html/</guid>
      <description>我想很多小伙伴在写博客的时候都能遇到一个令人头疼的问题，某一篇文章想用 iframe 引入一个外链视频，但是大小总是有问题，宽度可以固定到 100% ，但是高度比如用实际高度来表示，比如 100px, 200px，诸如此类。 但是问题来了，</description>
    </item>
    
    <item>
      <title>IE10下`,`符号不能留白</title>
      <link>/blog/54.html/</link>
      <pubDate>Tue, 16 Mar 2021 10:29:00 +0000</pubDate>
      
      <guid>/blog/54.html/</guid>
      <description>$(&amp;#34;#test&amp;#34;).click(function () { $(&amp;#39;html,body&amp;#39;).animate({ &amp;#39;scrollTop&amp;#39;: &amp;#39;0&amp;#39; }, 500,) }) 这行代码使用的是jquery的写法，一个500毫秒的动画，这样写在Chrome浏览器等没问题，可以正常运行。 但是今天在写项目的过程中，要求代码兼容到IE10，没办法，被迫在IE浏览器</description>
    </item>
    
    <item>
      <title>怎么让 css3 里面的动画属性看起来更流畅?</title>
      <link>/blog/53.html/</link>
      <pubDate>Sun, 14 Mar 2021 07:31:00 +0000</pubDate>
      
      <guid>/blog/53.html/</guid>
      <description>ps：先说点题外话，因为工作的原因很久没更新博客了，最近也是告一段落，处理一了一些事情之后可以安心坐下来，把我的博客重新整理一下。 今天要讲的是 css3 的一个新属性 animation，也算是一个回顾吧，我只是</description>
    </item>
    
    <item>
      <title>chrome浏览器无法显示12px以下的字体</title>
      <link>/blog/52.html/</link>
      <pubDate>Fri, 26 Feb 2021 22:38:00 +0000</pubDate>
      
      <guid>/blog/52.html/</guid>
      <description>最近正在面试，遇到了很多有意思的东西，比如今天，在面试前先做了一套面试题，其中有这么一道题，觉得挺有意思，之前也没见过，就打算记录下来： &amp;lt;!-- chrome浏览器12px字体大小以下无法显示，均显示为12p</description>
    </item>
    
    <item>
      <title>掘金个人主页头像旋转效果</title>
      <link>/blog/49.html/</link>
      <pubDate>Wed, 03 Feb 2021 19:43:00 +0000</pubDate>
      
      <guid>/blog/49.html/</guid>
      <description>在浏览掘金社区的时候，发现一个很有意思的小彩蛋，在个人主页将鼠标悬浮在头像上，会不停的加速旋转，我感觉挺有意思，f12 看看这个样式怎么写的，发现用到了 css3 的相关技术。 下面是具体代码，img 是头像元素，直</description>
    </item>
    
    <item>
      <title>文字溢出隐藏以及和flex冲突的问题</title>
      <link>/blog/6.html/</link>
      <pubDate>Mon, 03 Aug 2020 21:08:00 +0000</pubDate>
      
      <guid>/blog/6.html/</guid>
      <description>在某些段落中，页面要求文字只显示一行，但是width固定，而文字过长，就会出现一个需求，超过长度限制的文字被隐藏且显示省略号，css 支持这样的属性。 单行文本溢出隐藏 div{ overflow: hidden; white-space: nowrap; text-overflow: ellipsis; } 多行文本溢出隐藏 div {</description>
    </item>
    
  </channel>
</rss>
