<?xml version="1.0" encoding="utf-8" standalone="yes"?>
<rss version="2.0" xmlns:atom="http://www.w3.org/2005/Atom">
  <channel>
    <title>杂谈 on 子舒的博客</title>
    <link>/tags/%E6%9D%82%E8%B0%88/</link>
    <description>Recent content in 杂谈 on 子舒的博客</description>
    <generator>Hugo -- gohugo.io</generator>
    <language>en-us</language>
    <lastBuildDate>Fri, 13 Nov 2020 12:56:00 +0000</lastBuildDate><atom:link href="/tags/%E6%9D%82%E8%B0%88/index.xml" rel="self" type="application/rss+xml" />
    <item>
      <title>为什么getTime()返回1970年至今的毫秒？</title>
      <link>/blog/16.html/</link>
      <pubDate>Fri, 13 Nov 2020 12:56:00 +0000</pubDate>
      
      <guid>/blog/16.html/</guid>
      <description>今天在写new Date()时候，无意中发现了一个很有意思的方法，getTime()，百度了一下，有人说是计算从1970年1月1日至今的毫秒数 为什么要是1970年呢？ new Date().getTime(); // xxxxxxxxxxx 这个起源于unix的诞生，因</description>
    </item>
    
  </channel>
</rss>
