<?xml version="1.0" encoding="utf-8" standalone="yes"?>
<rss version="2.0" xmlns:atom="http://www.w3.org/2005/Atom">
  <channel>
    <title>Ant Design on 子舒的博客</title>
    <link>/tags/ant-design/</link>
    <description>Recent content in Ant Design on 子舒的博客</description>
    <generator>Hugo -- gohugo.io</generator>
    <language>en-us</language>
    <lastBuildDate>Tue, 06 Jun 2023 00:00:00 +0000</lastBuildDate><atom:link href="/tags/ant-design/index.xml" rel="self" type="application/rss+xml" />
    <item>
      <title>vue2 中引入 Ant Design 报错问题</title>
      <link>/blog/197.html/</link>
      <pubDate>Tue, 06 Jun 2023 00:00:00 +0000</pubDate>
      
      <guid>/blog/197.html/</guid>
      <description>https://1x.antdv.com/docs/vue/getting-started-cn/ 根据 Ant Design 官方文档，在 vue2 中安装组件时使用指令： npm i --save ant-design-vue 但在实际操作中会出现问题，它仅适用于 vue3 项目，在 vue2 中需要带上相匹配的版本号。 npm i --save ant-design-vue@1.7.8 // main.js import Antd from &amp;#39;ant-design-vue&amp;#39;; import &amp;#39;ant-design-vue/dist/antd.css&amp;#39;; Vue.use(Antd);</description>
    </item>
    
  </channel>
</rss>
