<?xml version="1.0" encoding="utf-8" standalone="yes"?>
<rss version="2.0" xmlns:atom="http://www.w3.org/2005/Atom">
  <channel>
    <title>docsify on 子舒的博客</title>
    <link>/tags/docsify/</link>
    <description>Recent content in docsify on 子舒的博客</description>
    <generator>Hugo -- gohugo.io</generator>
    <language>en-us</language>
    <lastBuildDate>Wed, 21 Apr 2021 20:19:00 +0000</lastBuildDate><atom:link href="/tags/docsify/index.xml" rel="self" type="application/rss+xml" />
    <item>
      <title>基于 docsify 搭建一个文档</title>
      <link>/blog/63.html/</link>
      <pubDate>Wed, 21 Apr 2021 20:19:00 +0000</pubDate>
      
      <guid>/blog/63.html/</guid>
      <description>一、搭建 docsify 是一个类似 vuepress, gitbook 等静态文档程序，但是对比之前，个人还是喜欢 docsify 的风格和源码。不想要那么多附带的功能，能满足写文章，目录的功能就行了。 点击查看demo. 打开终端输入指令，把本地环境搭建起来： npm install docsify-cli</description>
    </item>
    
  </channel>
</rss>
