<?xml version="1.0" encoding="utf-8" standalone="yes"?>
<rss version="2.0" xmlns:atom="http://www.w3.org/2005/Atom">
  <channel>
    <title>Tags on 子舒的博客</title>
    <link>/tags/</link>
    <description>Recent content in Tags on 子舒的博客</description>
    <generator>Hugo -- gohugo.io</generator>
    <language>en-us</language>
    <lastBuildDate>Mon, 10 Jul 2023 00:00:00 +0000</lastBuildDate><atom:link href="/tags/index.xml" rel="self" type="application/rss+xml" />
    <item>
      <title>梦</title>
      <link>/tags/%E6%A2%A6/</link>
      <pubDate>Mon, 10 Jul 2023 00:00:00 +0000</pubDate>
      
      <guid>/tags/%E6%A2%A6/</guid>
      <description></description>
    </item>
    
    <item>
      <title>随手拍</title>
      <link>/tags/%E9%9A%8F%E6%89%8B%E6%8B%8D/</link>
      <pubDate>Sun, 09 Jul 2023 00:00:00 +0000</pubDate>
      
      <guid>/tags/%E9%9A%8F%E6%89%8B%E6%8B%8D/</guid>
      <description></description>
    </item>
    
    <item>
      <title>aos</title>
      <link>/tags/aos/</link>
      <pubDate>Thu, 29 Jun 2023 00:00:00 +0000</pubDate>
      
      <guid>/tags/aos/</guid>
      <description></description>
    </item>
    
    <item>
      <title>骑行</title>
      <link>/tags/%E9%AA%91%E8%A1%8C/</link>
      <pubDate>Thu, 15 Jun 2023 00:00:00 +0000</pubDate>
      
      <guid>/tags/%E9%AA%91%E8%A1%8C/</guid>
      <description></description>
    </item>
    
    <item>
      <title>Ant Design</title>
      <link>/tags/ant-design/</link>
      <pubDate>Tue, 06 Jun 2023 00:00:00 +0000</pubDate>
      
      <guid>/tags/ant-design/</guid>
      <description></description>
    </item>
    
    <item>
      <title>HugoFast</title>
      <link>/tags/hugofast/</link>
      <pubDate>Fri, 02 Jun 2023 00:00:00 +0000</pubDate>
      
      <guid>/tags/hugofast/</guid>
      <description></description>
    </item>
    
    <item>
      <title>js</title>
      <link>/tags/js/</link>
      <pubDate>Sat, 13 May 2023 00:00:00 +0000</pubDate>
      
      <guid>/tags/js/</guid>
      <description></description>
    </item>
    
    <item>
      <title>博客</title>
      <link>/tags/%E5%8D%9A%E5%AE%A2/</link>
      <pubDate>Sat, 13 May 2023 00:00:00 +0000</pubDate>
      
      <guid>/tags/%E5%8D%9A%E5%AE%A2/</guid>
      <description></description>
    </item>
    
    <item>
      <title>旅游</title>
      <link>/tags/%E6%97%85%E6%B8%B8/</link>
      <pubDate>Sat, 15 Apr 2023 00:00:00 +0000</pubDate>
      
      <guid>/tags/%E6%97%85%E6%B8%B8/</guid>
      <description></description>
    </item>
    
    <item>
      <title>Github Actions</title>
      <link>/tags/github-actions/</link>
      <pubDate>Thu, 13 Apr 2023 00:00:00 +0000</pubDate>
      
      <guid>/tags/github-actions/</guid>
      <description></description>
    </item>
    
    <item>
      <title>网站</title>
      <link>/tags/%E7%BD%91%E7%AB%99/</link>
      <pubDate>Fri, 17 Mar 2023 00:00:00 +0000</pubDate>
      
      <guid>/tags/%E7%BD%91%E7%AB%99/</guid>
      <description></description>
    </item>
    
    <item>
      <title>Github</title>
      <link>/tags/github/</link>
      <pubDate>Thu, 09 Mar 2023 00:00:00 +0000</pubDate>
      
      <guid>/tags/github/</guid>
      <description></description>
    </item>
    
    <item>
      <title>vue</title>
      <link>/tags/vue/</link>
      <pubDate>Sun, 05 Mar 2023 00:00:00 +0000</pubDate>
      
      <guid>/tags/vue/</guid>
      <description></description>
    </item>
    
    <item>
      <title>信息茧房</title>
      <link>/tags/%E4%BF%A1%E6%81%AF%E8%8C%A7%E6%88%BF/</link>
      <pubDate>Mon, 13 Feb 2023 00:00:00 +0000</pubDate>
      
      <guid>/tags/%E4%BF%A1%E6%81%AF%E8%8C%A7%E6%88%BF/</guid>
      <description></description>
    </item>
    
    <item>
      <title>随想录</title>
      <link>/tags/%E9%9A%8F%E6%83%B3%E5%BD%95/</link>
      <pubDate>Mon, 13 Feb 2023 00:00:00 +0000</pubDate>
      
      <guid>/tags/%E9%9A%8F%E6%83%B3%E5%BD%95/</guid>
      <description></description>
    </item>
    
    <item>
      <title>hugo</title>
      <link>/tags/hugo/</link>
      <pubDate>Sat, 04 Feb 2023 00:00:00 +0000</pubDate>
      
      <guid>/tags/hugo/</guid>
      <description></description>
    </item>
    
    <item>
      <title>markdown</title>
      <link>/tags/markdown/</link>
      <pubDate>Sat, 04 Feb 2023 00:00:00 +0000</pubDate>
      
      <guid>/tags/markdown/</guid>
      <description></description>
    </item>
    
    <item>
      <title>cloudflare</title>
      <link>/tags/cloudflare/</link>
      <pubDate>Wed, 01 Feb 2023 00:00:00 +0000</pubDate>
      
      <guid>/tags/cloudflare/</guid>
      <description></description>
    </item>
    
    <item>
      <title>gravatar</title>
      <link>/tags/gravatar/</link>
      <pubDate>Wed, 01 Feb 2023 00:00:00 +0000</pubDate>
      
      <guid>/tags/gravatar/</guid>
      <description></description>
    </item>
    
    <item>
      <title>memos</title>
      <link>/tags/memos/</link>
      <pubDate>Mon, 09 Jan 2023 00:00:00 +0000</pubDate>
      
      <guid>/tags/memos/</guid>
      <description></description>
    </item>
    
    <item>
      <title>说说</title>
      <link>/tags/%E8%AF%B4%E8%AF%B4/</link>
      <pubDate>Mon, 09 Jan 2023 00:00:00 +0000</pubDate>
      
      <guid>/tags/%E8%AF%B4%E8%AF%B4/</guid>
      <description></description>
    </item>
    
    <item>
      <title>新冠</title>
      <link>/tags/%E6%96%B0%E5%86%A0/</link>
      <pubDate>Thu, 22 Dec 2022 00:00:00 +0000</pubDate>
      
      <guid>/tags/%E6%96%B0%E5%86%A0/</guid>
      <description></description>
    </item>
    
    <item>
      <title>日记</title>
      <link>/tags/%E6%97%A5%E8%AE%B0/</link>
      <pubDate>Thu, 22 Dec 2022 00:00:00 +0000</pubDate>
      
      <guid>/tags/%E6%97%A5%E8%AE%B0/</guid>
      <description></description>
    </item>
    
    <item>
      <title>总结</title>
      <link>/tags/%E6%80%BB%E7%BB%93/</link>
      <pubDate>Tue, 13 Dec 2022 00:00:00 +0000</pubDate>
      
      <guid>/tags/%E6%80%BB%E7%BB%93/</guid>
      <description></description>
    </item>
    
    <item>
      <title>随笔</title>
      <link>/tags/%E9%9A%8F%E7%AC%94/</link>
      <pubDate>Fri, 02 Dec 2022 00:00:00 +0000</pubDate>
      
      <guid>/tags/%E9%9A%8F%E7%AC%94/</guid>
      <description></description>
    </item>
    
    <item>
      <title>月全食</title>
      <link>/tags/%E6%9C%88%E5%85%A8%E9%A3%9F/</link>
      <pubDate>Wed, 09 Nov 2022 00:00:00 +0000</pubDate>
      
      <guid>/tags/%E6%9C%88%E5%85%A8%E9%A3%9F/</guid>
      <description></description>
    </item>
    
    <item>
      <title>图床</title>
      <link>/tags/%E5%9B%BE%E5%BA%8A/</link>
      <pubDate>Sat, 22 Oct 2022 00:00:00 +0000</pubDate>
      
      <guid>/tags/%E5%9B%BE%E5%BA%8A/</guid>
      <description></description>
    </item>
    
    <item>
      <title>七日谈</title>
      <link>/tags/%E4%B8%83%E6%97%A5%E8%B0%88/</link>
      <pubDate>Wed, 21 Sep 2022 19:26:00 +0000</pubDate>
      
      <guid>/tags/%E4%B8%83%E6%97%A5%E8%B0%88/</guid>
      <description></description>
    </item>
    
    <item>
      <title>win11</title>
      <link>/tags/win11/</link>
      <pubDate>Tue, 02 Aug 2022 16:39:00 +0000</pubDate>
      
      <guid>/tags/win11/</guid>
      <description></description>
    </item>
    
    <item>
      <title>主题开发</title>
      <link>/tags/%E4%B8%BB%E9%A2%98%E5%BC%80%E5%8F%91/</link>
      <pubDate>Sat, 30 Jul 2022 20:11:00 +0000</pubDate>
      
      <guid>/tags/%E4%B8%BB%E9%A2%98%E5%BC%80%E5%8F%91/</guid>
      <description></description>
    </item>
    
    <item>
      <title>宝塔</title>
      <link>/tags/%E5%AE%9D%E5%A1%94/</link>
      <pubDate>Mon, 18 Jul 2022 11:51:00 +0000</pubDate>
      
      <guid>/tags/%E5%AE%9D%E5%A1%94/</guid>
      <description></description>
    </item>
    
    <item>
      <title>笔记</title>
      <link>/tags/%E7%AC%94%E8%AE%B0/</link>
      <pubDate>Tue, 12 Jul 2022 14:59:00 +0000</pubDate>
      
      <guid>/tags/%E7%AC%94%E8%AE%B0/</guid>
      <description></description>
    </item>
    
    <item>
      <title>新闻</title>
      <link>/tags/%E6%96%B0%E9%97%BB/</link>
      <pubDate>Fri, 08 Jul 2022 13:04:00 +0000</pubDate>
      
      <guid>/tags/%E6%96%B0%E9%97%BB/</guid>
      <description></description>
    </item>
    
    <item>
      <title>坚果云</title>
      <link>/tags/%E5%9D%9A%E6%9E%9C%E4%BA%91/</link>
      <pubDate>Mon, 27 Jun 2022 13:53:00 +0000</pubDate>
      
      <guid>/tags/%E5%9D%9A%E6%9E%9C%E4%BA%91/</guid>
      <description></description>
    </item>
    
    <item>
      <title>掘金</title>
      <link>/tags/%E6%8E%98%E9%87%91/</link>
      <pubDate>Wed, 22 Jun 2022 09:01:00 +0000</pubDate>
      
      <guid>/tags/%E6%8E%98%E9%87%91/</guid>
      <description></description>
    </item>
    
    <item>
      <title>油猴脚本</title>
      <link>/tags/%E6%B2%B9%E7%8C%B4%E8%84%9A%E6%9C%AC/</link>
      <pubDate>Wed, 22 Jun 2022 09:01:00 +0000</pubDate>
      
      <guid>/tags/%E6%B2%B9%E7%8C%B4%E8%84%9A%E6%9C%AC/</guid>
      <description></description>
    </item>
    
    <item>
      <title>typecho</title>
      <link>/tags/typecho/</link>
      <pubDate>Tue, 07 Jun 2022 10:35:00 +0000</pubDate>
      
      <guid>/tags/typecho/</guid>
      <description></description>
    </item>
    
    <item>
      <title>备份</title>
      <link>/tags/%E5%A4%87%E4%BB%BD/</link>
      <pubDate>Wed, 25 May 2022 17:27:00 +0000</pubDate>
      
      <guid>/tags/%E5%A4%87%E4%BB%BD/</guid>
      <description></description>
    </item>
    
    <item>
      <title>邮箱</title>
      <link>/tags/%E9%82%AE%E7%AE%B1/</link>
      <pubDate>Wed, 25 May 2022 17:27:00 +0000</pubDate>
      
      <guid>/tags/%E9%82%AE%E7%AE%B1/</guid>
      <description></description>
    </item>
    
    <item>
      <title>字体</title>
      <link>/tags/%E5%AD%97%E4%BD%93/</link>
      <pubDate>Tue, 24 May 2022 14:28:00 +0000</pubDate>
      
      <guid>/tags/%E5%AD%97%E4%BD%93/</guid>
      <description></description>
    </item>
    
    <item>
      <title>css</title>
      <link>/tags/css/</link>
      <pubDate>Thu, 12 May 2022 13:46:00 +0000</pubDate>
      
      <guid>/tags/css/</guid>
      <description></description>
    </item>
    
    <item>
      <title>v2ex</title>
      <link>/tags/v2ex/</link>
      <pubDate>Thu, 12 May 2022 13:46:00 +0000</pubDate>
      
      <guid>/tags/v2ex/</guid>
      <description></description>
    </item>
    
    <item>
      <title>docker</title>
      <link>/tags/docker/</link>
      <pubDate>Thu, 05 May 2022 09:33:00 +0000</pubDate>
      
      <guid>/tags/docker/</guid>
      <description></description>
    </item>
    
    <item>
      <title>思源笔记</title>
      <link>/tags/%E6%80%9D%E6%BA%90%E7%AC%94%E8%AE%B0/</link>
      <pubDate>Thu, 05 May 2022 09:33:00 +0000</pubDate>
      
      <guid>/tags/%E6%80%9D%E6%BA%90%E7%AC%94%E8%AE%B0/</guid>
      <description></description>
    </item>
    
    <item>
      <title>脚本</title>
      <link>/tags/%E8%84%9A%E6%9C%AC/</link>
      <pubDate>Fri, 15 Apr 2022 13:57:00 +0000</pubDate>
      
      <guid>/tags/%E8%84%9A%E6%9C%AC/</guid>
      <description></description>
    </item>
    
    <item>
      <title>Nuxt</title>
      <link>/tags/nuxt/</link>
      <pubDate>Fri, 01 Apr 2022 13:28:00 +0000</pubDate>
      
      <guid>/tags/nuxt/</guid>
      <description></description>
    </item>
    
    <item>
      <title>图片</title>
      <link>/tags/%E5%9B%BE%E7%89%87/</link>
      <pubDate>Fri, 01 Apr 2022 13:28:00 +0000</pubDate>
      
      <guid>/tags/%E5%9B%BE%E7%89%87/</guid>
      <description></description>
    </item>
    
    <item>
      <title>canvas</title>
      <link>/tags/canvas/</link>
      <pubDate>Tue, 29 Mar 2022 13:08:00 +0000</pubDate>
      
      <guid>/tags/canvas/</guid>
      <description></description>
    </item>
    
    <item>
      <title>搜索</title>
      <link>/tags/%E6%90%9C%E7%B4%A2/</link>
      <pubDate>Fri, 25 Mar 2022 11:43:00 +0000</pubDate>
      
      <guid>/tags/%E6%90%9C%E7%B4%A2/</guid>
      <description></description>
    </item>
    
    <item>
      <title>做饭</title>
      <link>/tags/%E5%81%9A%E9%A5%AD/</link>
      <pubDate>Mon, 21 Mar 2022 17:36:00 +0000</pubDate>
      
      <guid>/tags/%E5%81%9A%E9%A5%AD/</guid>
      <description></description>
    </item>
    
    <item>
      <title>sql</title>
      <link>/tags/sql/</link>
      <pubDate>Thu, 10 Mar 2022 17:33:00 +0000</pubDate>
      
      <guid>/tags/sql/</guid>
      <description></description>
    </item>
    
    <item>
      <title>时间戳</title>
      <link>/tags/%E6%97%B6%E9%97%B4%E6%88%B3/</link>
      <pubDate>Thu, 10 Mar 2022 17:33:00 +0000</pubDate>
      
      <guid>/tags/%E6%97%B6%E9%97%B4%E6%88%B3/</guid>
      <description></description>
    </item>
    
    <item>
      <title>拆机</title>
      <link>/tags/%E6%8B%86%E6%9C%BA/</link>
      <pubDate>Thu, 03 Mar 2022 16:56:00 +0000</pubDate>
      
      <guid>/tags/%E6%8B%86%E6%9C%BA/</guid>
      <description></description>
    </item>
    
    <item>
      <title>笔记本电脑</title>
      <link>/tags/%E7%AC%94%E8%AE%B0%E6%9C%AC%E7%94%B5%E8%84%91/</link>
      <pubDate>Thu, 03 Mar 2022 16:56:00 +0000</pubDate>
      
      <guid>/tags/%E7%AC%94%E8%AE%B0%E6%9C%AC%E7%94%B5%E8%84%91/</guid>
      <description></description>
    </item>
    
    <item>
      <title>php</title>
      <link>/tags/php/</link>
      <pubDate>Tue, 22 Feb 2022 17:12:00 +0000</pubDate>
      
      <guid>/tags/php/</guid>
      <description></description>
    </item>
    
    <item>
      <title>数据库</title>
      <link>/tags/%E6%95%B0%E6%8D%AE%E5%BA%93/</link>
      <pubDate>Tue, 22 Feb 2022 17:12:00 +0000</pubDate>
      
      <guid>/tags/%E6%95%B0%E6%8D%AE%E5%BA%93/</guid>
      <description></description>
    </item>
    
    <item>
      <title>评论</title>
      <link>/tags/%E8%AF%84%E8%AE%BA/</link>
      <pubDate>Fri, 18 Feb 2022 13:48:00 +0000</pubDate>
      
      <guid>/tags/%E8%AF%84%E8%AE%BA/</guid>
      <description></description>
    </item>
    
    <item>
      <title>浏览器</title>
      <link>/tags/%E6%B5%8F%E8%A7%88%E5%99%A8/</link>
      <pubDate>Wed, 26 Jan 2022 14:20:00 +0000</pubDate>
      
      <guid>/tags/%E6%B5%8F%E8%A7%88%E5%99%A8/</guid>
      <description></description>
    </item>
    
    <item>
      <title>谷歌插件</title>
      <link>/tags/%E8%B0%B7%E6%AD%8C%E6%8F%92%E4%BB%B6/</link>
      <pubDate>Wed, 26 Jan 2022 14:20:00 +0000</pubDate>
      
      <guid>/tags/%E8%B0%B7%E6%AD%8C%E6%8F%92%E4%BB%B6/</guid>
      <description></description>
    </item>
    
    <item>
      <title>原创</title>
      <link>/tags/%E5%8E%9F%E5%88%9B/</link>
      <pubDate>Fri, 21 Jan 2022 12:00:00 +0000</pubDate>
      
      <guid>/tags/%E5%8E%9F%E5%88%9B/</guid>
      <description></description>
    </item>
    
    <item>
      <title>短篇小说</title>
      <link>/tags/%E7%9F%AD%E7%AF%87%E5%B0%8F%E8%AF%B4/</link>
      <pubDate>Fri, 21 Jan 2022 12:00:00 +0000</pubDate>
      
      <guid>/tags/%E7%9F%AD%E7%AF%87%E5%B0%8F%E8%AF%B4/</guid>
      <description></description>
    </item>
    
    <item>
      <title>读书</title>
      <link>/tags/%E8%AF%BB%E4%B9%A6/</link>
      <pubDate>Wed, 19 Jan 2022 15:10:00 +0000</pubDate>
      
      <guid>/tags/%E8%AF%BB%E4%B9%A6/</guid>
      <description></description>
    </item>
    
    <item>
      <title>jsdelivr</title>
      <link>/tags/jsdelivr/</link>
      <pubDate>Mon, 20 Dec 2021 14:25:00 +0000</pubDate>
      
      <guid>/tags/jsdelivr/</guid>
      <description></description>
    </item>
    
    <item>
      <title>插件</title>
      <link>/tags/%E6%8F%92%E4%BB%B6/</link>
      <pubDate>Tue, 07 Dec 2021 16:55:00 +0000</pubDate>
      
      <guid>/tags/%E6%8F%92%E4%BB%B6/</guid>
      <description></description>
    </item>
    
    <item>
      <title>翻译</title>
      <link>/tags/%E7%BF%BB%E8%AF%91/</link>
      <pubDate>Fri, 05 Nov 2021 12:16:00 +0000</pubDate>
      
      <guid>/tags/%E7%BF%BB%E8%AF%91/</guid>
      <description></description>
    </item>
    
    <item>
      <title>出行</title>
      <link>/tags/%E5%87%BA%E8%A1%8C/</link>
      <pubDate>Thu, 07 Oct 2021 06:15:00 +0000</pubDate>
      
      <guid>/tags/%E5%87%BA%E8%A1%8C/</guid>
      <description></description>
    </item>
    
    <item>
      <title>感想</title>
      <link>/tags/%E6%84%9F%E6%83%B3/</link>
      <pubDate>Thu, 07 Oct 2021 06:15:00 +0000</pubDate>
      
      <guid>/tags/%E6%84%9F%E6%83%B3/</guid>
      <description></description>
    </item>
    
    <item>
      <title>jquery</title>
      <link>/tags/jquery/</link>
      <pubDate>Tue, 14 Sep 2021 15:42:00 +0000</pubDate>
      
      <guid>/tags/jquery/</guid>
      <description></description>
    </item>
    
    <item>
      <title>npm</title>
      <link>/tags/npm/</link>
      <pubDate>Thu, 19 Aug 2021 11:15:00 +0000</pubDate>
      
      <guid>/tags/npm/</guid>
      <description></description>
    </item>
    
    <item>
      <title>报错</title>
      <link>/tags/%E6%8A%A5%E9%94%99/</link>
      <pubDate>Thu, 19 Aug 2021 11:15:00 +0000</pubDate>
      
      <guid>/tags/%E6%8A%A5%E9%94%99/</guid>
      <description></description>
    </item>
    
    <item>
      <title>ajax</title>
      <link>/tags/ajax/</link>
      <pubDate>Fri, 09 Jul 2021 21:03:00 +0000</pubDate>
      
      <guid>/tags/ajax/</guid>
      <description></description>
    </item>
    
    <item>
      <title>地理</title>
      <link>/tags/%E5%9C%B0%E7%90%86/</link>
      <pubDate>Thu, 10 Jun 2021 15:39:00 +0000</pubDate>
      
      <guid>/tags/%E5%9C%B0%E7%90%86/</guid>
      <description></description>
    </item>
    
    <item>
      <title>axios</title>
      <link>/tags/axios/</link>
      <pubDate>Tue, 08 Jun 2021 21:02:00 +0000</pubDate>
      
      <guid>/tags/axios/</guid>
      <description></description>
    </item>
    
    <item>
      <title>服务器</title>
      <link>/tags/%E6%9C%8D%E5%8A%A1%E5%99%A8/</link>
      <pubDate>Sun, 30 May 2021 11:37:00 +0000</pubDate>
      
      <guid>/tags/%E6%9C%8D%E5%8A%A1%E5%99%A8/</guid>
      <description></description>
    </item>
    
    <item>
      <title>转载</title>
      <link>/tags/%E8%BD%AC%E8%BD%BD/</link>
      <pubDate>Thu, 13 May 2021 14:51:00 +0000</pubDate>
      
      <guid>/tags/%E8%BD%AC%E8%BD%BD/</guid>
      <description></description>
    </item>
    
    <item>
      <title>音乐</title>
      <link>/tags/%E9%9F%B3%E4%B9%90/</link>
      <pubDate>Fri, 07 May 2021 21:48:00 +0000</pubDate>
      
      <guid>/tags/%E9%9F%B3%E4%B9%90/</guid>
      <description></description>
    </item>
    
    <item>
      <title>电影</title>
      <link>/tags/%E7%94%B5%E5%BD%B1/</link>
      <pubDate>Sat, 24 Apr 2021 11:47:00 +0000</pubDate>
      
      <guid>/tags/%E7%94%B5%E5%BD%B1/</guid>
      <description></description>
    </item>
    
    <item>
      <title>docsify</title>
      <link>/tags/docsify/</link>
      <pubDate>Wed, 21 Apr 2021 20:19:00 +0000</pubDate>
      
      <guid>/tags/docsify/</guid>
      <description></description>
    </item>
    
    <item>
      <title>python</title>
      <link>/tags/python/</link>
      <pubDate>Thu, 01 Apr 2021 16:21:00 +0000</pubDate>
      
      <guid>/tags/python/</guid>
      <description></description>
    </item>
    
    <item>
      <title>IE</title>
      <link>/tags/ie/</link>
      <pubDate>Thu, 18 Mar 2021 22:15:00 +0000</pubDate>
      
      <guid>/tags/ie/</guid>
      <description></description>
    </item>
    
    <item>
      <title>工具</title>
      <link>/tags/%E5%B7%A5%E5%85%B7/</link>
      <pubDate>Thu, 25 Feb 2021 22:41:00 +0000</pubDate>
      
      <guid>/tags/%E5%B7%A5%E5%85%B7/</guid>
      <description></description>
    </item>
    
    <item>
      <title>ES6</title>
      <link>/tags/es6/</link>
      <pubDate>Wed, 20 Jan 2021 19:58:00 +0000</pubDate>
      
      <guid>/tags/es6/</guid>
      <description></description>
    </item>
    
    <item>
      <title>webpack</title>
      <link>/tags/webpack/</link>
      <pubDate>Mon, 18 Jan 2021 19:59:00 +0000</pubDate>
      
      <guid>/tags/webpack/</guid>
      <description></description>
    </item>
    
    <item>
      <title>厨房</title>
      <link>/tags/%E5%8E%A8%E6%88%BF/</link>
      <pubDate>Sun, 17 Jan 2021 19:59:00 +0000</pubDate>
      
      <guid>/tags/%E5%8E%A8%E6%88%BF/</guid>
      <description></description>
    </item>
    
    <item>
      <title>react</title>
      <link>/tags/react/</link>
      <pubDate>Thu, 07 Jan 2021 20:46:00 +0000</pubDate>
      
      <guid>/tags/react/</guid>
      <description></description>
    </item>
    
    <item>
      <title>组件</title>
      <link>/tags/%E7%BB%84%E4%BB%B6/</link>
      <pubDate>Thu, 07 Jan 2021 20:46:00 +0000</pubDate>
      
      <guid>/tags/%E7%BB%84%E4%BB%B6/</guid>
      <description></description>
    </item>
    
    <item>
      <title>编程</title>
      <link>/tags/%E7%BC%96%E7%A8%8B/</link>
      <pubDate>Wed, 06 Jan 2021 20:47:00 +0000</pubDate>
      
      <guid>/tags/%E7%BC%96%E7%A8%8B/</guid>
      <description></description>
    </item>
    
    <item>
      <title>杂谈</title>
      <link>/tags/%E6%9D%82%E8%B0%88/</link>
      <pubDate>Fri, 13 Nov 2020 12:56:00 +0000</pubDate>
      
      <guid>/tags/%E6%9D%82%E8%B0%88/</guid>
      <description></description>
    </item>
    
  </channel>
</rss>
