<?xml version="1.0" encoding="utf-8" standalone="yes"?>
<rss version="2.0" xmlns:atom="http://www.w3.org/2005/Atom">
  <channel>
    <title>总结 on 子舒的博客</title>
    <link>/tags/%E6%80%BB%E7%BB%93/</link>
    <description>Recent content in 总结 on 子舒的博客</description>
    <generator>Hugo -- gohugo.io</generator>
    <language>en-us</language>
    <lastBuildDate>Tue, 13 Dec 2022 00:00:00 +0000</lastBuildDate><atom:link href="/tags/%E6%80%BB%E7%BB%93/index.xml" rel="self" type="application/rss+xml" />
    <item>
      <title>我的2022年度总结</title>
      <link>/blog/178.html/</link>
      <pubDate>Tue, 13 Dec 2022 00:00:00 +0000</pubDate>
      
      <guid>/blog/178.html/</guid>
      <description>枯木逢春。 又到了一年一度的总结时间，回顾自己这一年做了些什么。我通常都是在最后一个月开始进行总结，预留出足够的时间让我可以好好思考与回顾，如果时间很短就会显得很仓促。没有什么主题，就是想到哪写到哪，讲</description>
    </item>
    
    <item>
      <title>闲谈2021</title>
      <link>/blog/90.html/</link>
      <pubDate>Fri, 17 Dec 2021 16:39:00 +0000</pubDate>
      
      <guid>/blog/90.html/</guid>
      <description>2021，不知不觉，又过去一年了。 因为最近也比较忙，所以一直拖到了中旬末，现在闲下心准备闲谈一下。 该说不说，坚持写博客也有500多天了，大概是我的水平有限，产出的技术文章也是寥寥无几，大多是一些笔记和</description>
    </item>
    
    <item>
      <title>关于我为什么要写博客？</title>
      <link>/blog/74.html/</link>
      <pubDate>Wed, 21 Jul 2021 11:16:00 +0000</pubDate>
      
      <guid>/blog/74.html/</guid>
      <description>关于这个博客的构成 这个就放在最前面吗，算是起到一个统计整理的作用。 博客基础的框架使用是 hugo, 前端样式是自己慢慢构思的，可能是因为没有设计师的天分吧，构思出来的 UI 就很奇怪。 我也尽量将色彩往黑白上靠，就是为了</description>
    </item>
    
    <item>
      <title>2020年度总结</title>
      <link>/blog/38.html/</link>
      <pubDate>Fri, 25 Dec 2020 13:25:00 +0000</pubDate>
      
      <guid>/blog/38.html/</guid>
      <description>年度总结这个东西很有意思（我觉得），可以静下心来好好回顾一下这一年做了些什么事情，希望我能养成这个好习惯，多总结。 这个博客是我在年中搭建起来了，到现在也将近半年了，没怎么做过seo优化，也没怎么想过推</description>
    </item>
    
  </channel>
</rss>
