<?xml version="1.0" encoding="utf-8" standalone="yes"?>
<rss version="2.0" xmlns:atom="http://www.w3.org/2005/Atom">
  <channel>
    <title>谷歌插件 on 子舒的博客</title>
    <link>/tags/%E8%B0%B7%E6%AD%8C%E6%8F%92%E4%BB%B6/</link>
    <description>Recent content in 谷歌插件 on 子舒的博客</description>
    <generator>Hugo -- gohugo.io</generator>
    <language>en-us</language>
    <lastBuildDate>Wed, 26 Jan 2022 14:20:00 +0000</lastBuildDate><atom:link href="/tags/%E8%B0%B7%E6%AD%8C%E6%8F%92%E4%BB%B6/index.xml" rel="self" type="application/rss+xml" />
    <item>
      <title>如何使用谷歌插件为网站注入代码</title>
      <link>/blog/100.html/</link>
      <pubDate>Wed, 26 Jan 2022 14:20:00 +0000</pubDate>
      
      <guid>/blog/100.html/</guid>
      <description>在浏览网站时，受限于网站的缺陷，我们通常都会写一些脚本和插件来进行扩展，常规方法有油猴和谷歌插件两种，油猴也是一种插件，使用起来很方便，今天要讲的是如何通过谷歌插件进行注入。 按照结构生成下面几个文件 |chrome-plugin</description>
    </item>
    
  </channel>
</rss>
