<?xml version="1.0" encoding="utf-8" standalone="yes"?>
<rss version="2.0" xmlns:atom="http://www.w3.org/2005/Atom">
  <channel>
    <title>Github on 子舒的博客</title>
    <link>/tags/github/</link>
    <description>Recent content in Github on 子舒的博客</description>
    <generator>Hugo -- gohugo.io</generator>
    <language>en-us</language>
    <lastBuildDate>Thu, 09 Mar 2023 00:00:00 +0000</lastBuildDate><atom:link href="/tags/github/index.xml" rel="self" type="application/rss+xml" />
    <item>
      <title>GitHub生成一个新的ssh密钥</title>
      <link>/blog/187.html/</link>
      <pubDate>Thu, 09 Mar 2023 00:00:00 +0000</pubDate>
      
      <guid>/blog/187.html/</guid>
      <description>要在GitHub上生成新的SSH密钥，请按照以下步骤操作： 打开终端或命令提示符。 输入以下命令：将&amp;quot;your_email@example.com&amp;quot;替换为您在GitHub上注册的电子邮</description>
    </item>
    
    <item>
      <title>安装一个基于 Github 的静态图床程序</title>
      <link>/blog/172.html/</link>
      <pubDate>Sat, 22 Oct 2022 00:00:00 +0000</pubDate>
      
      <guid>/blog/172.html/</guid>
      <description>demo: https://img.zburu.com/ 今天分享一下如何使用 Github 作为图床，首先就要推荐这个工具 picx 。 Github 仓库: https://github.com/XPoet/picx 本文的图片全部使用该工具上传，然后通过 Staticaly 进行cdn加速（这个在上传的时候自动生成链接。） 可以设置自动压缩、转码成 webp 格式。 基于 GitHub API 开</description>
    </item>
    
    <item>
      <title>使用Love主题的数据库</title>
      <link>/blog/101.html/</link>
      <pubDate>Tue, 25 Jan 2022 11:39:00 +0000</pubDate>
      
      <guid>/blog/101.html/</guid>
      <description>基于typecho中的LOVE主题备份的一个数据库文件，因为需要写一百个文章，将名字一一打字进去，非常耗时间和精力，所以我做了这个数据库，可以直接使用。 作者没有贴Github地址，就直接指向主题列表说</description>
    </item>
    
  </channel>
</rss>
