<?xml version="1.0" encoding="utf-8" standalone="yes"?>
<rss version="2.0" xmlns:atom="http://www.w3.org/2005/Atom">
  <channel>
    <title>python on 子舒的博客</title>
    <link>/tags/python/</link>
    <description>Recent content in python on 子舒的博客</description>
    <generator>Hugo -- gohugo.io</generator>
    <language>en-us</language>
    <lastBuildDate>Thu, 01 Apr 2021 16:21:00 +0000</lastBuildDate><atom:link href="/tags/python/index.xml" rel="self" type="application/rss+xml" />
    <item>
      <title>我的 python 学习笔记</title>
      <link>/blog/61.html/</link>
      <pubDate>Thu, 01 Apr 2021 16:21:00 +0000</pubDate>
      
      <guid>/blog/61.html/</guid>
      <description>之所以学习 Python ，本意是想写一些脚本之类的程序，用来在浏览器爬一些自己想要的文字，图片等资料，这些程序其实 GitHub 蛮多的，但奈何我对后端的语言一窍不通，直接拿过来给我用我都不会。 因此就萌生了先学习 Python 基础知识的想</description>
    </item>
    
  </channel>
</rss>
