<?xml version="1.0" encoding="utf-8" standalone="yes"?>
<rss version="2.0" xmlns:atom="http://www.w3.org/2005/Atom">
  <channel>
    <title>油猴脚本 on 子舒的博客</title>
    <link>/tags/%E6%B2%B9%E7%8C%B4%E8%84%9A%E6%9C%AC/</link>
    <description>Recent content in 油猴脚本 on 子舒的博客</description>
    <generator>Hugo -- gohugo.io</generator>
    <language>en-us</language>
    <lastBuildDate>Wed, 22 Jun 2022 09:01:00 +0000</lastBuildDate><atom:link href="/tags/%E6%B2%B9%E7%8C%B4%E8%84%9A%E6%9C%AC/index.xml" rel="self" type="application/rss+xml" />
    <item>
      <title>掘金抽奖脚本</title>
      <link>/blog/143.html/</link>
      <pubDate>Wed, 22 Jun 2022 09:01:00 +0000</pubDate>
      
      <guid>/blog/143.html/</guid>
      <description>分享一个掘金抽奖的油猴脚本，可以一键签到，抽奖，梭哈。 攒多一点矿石，体验买彩票的感觉。 油猴脚本代码 ```js // ==UserScript== // @name 掘金抽奖 // @namespace http://tampermonkey.net/ // @version 1.2.5 // @description 掘金抽奖 签到 免费抽奖 5连抽 10连抽 可视化抽奖 petite-vue // @author 无仙 // @match https://juejin.cn/* // @icon https://lf3-cdn-tos.bytescm.com/obj/static/xitu_juejin_web//static/favicons/favicon-32x32.png //</description>
    </item>
    
  </channel>
</rss>
