<?xml version="1.0" encoding="utf-8" standalone="yes"?>
<rss version="2.0" xmlns:atom="http://www.w3.org/2005/Atom">
  <channel>
    <title>aos on 子舒的博客</title>
    <link>/tags/aos/</link>
    <description>Recent content in aos on 子舒的博客</description>
    <generator>Hugo -- gohugo.io</generator>
    <language>en-us</language>
    <lastBuildDate>Thu, 29 Jun 2023 00:00:00 +0000</lastBuildDate><atom:link href="/tags/aos/index.xml" rel="self" type="application/rss+xml" />
    <item>
      <title>aos 事件触发失败</title>
      <link>/blog/200.html/</link>
      <pubDate>Thu, 29 Jun 2023 00:00:00 +0000</pubDate>
      
      <guid>/blog/200.html/</guid>
      <description>项目中遇到这个问题，网页往下滑动时加载 aos 事件触发不了，原因也很简单，因为 aos.js 是在页面加载时获取页面高度从而绑定一些事件进去，但是如果这个文件加载速度比框架加载的快，会导致两者高度不一致，从而动画效果触发</description>
    </item>
    
  </channel>
</rss>
