<?xml version="1.0" encoding="utf-8" standalone="yes"?>
<rss version="2.0" xmlns:atom="http://www.w3.org/2005/Atom">
  <channel>
    <title>Github Actions on 子舒的博客</title>
    <link>/tags/github-actions/</link>
    <description>Recent content in Github Actions on 子舒的博客</description>
    <generator>Hugo -- gohugo.io</generator>
    <language>en-us</language>
    <lastBuildDate>Thu, 13 Apr 2023 00:00:00 +0000</lastBuildDate><atom:link href="/tags/github-actions/index.xml" rel="self" type="application/rss+xml" />
    <item>
      <title>Github Actions 自动化打包流程</title>
      <link>/blog/192.html/</link>
      <pubDate>Thu, 13 Apr 2023 00:00:00 +0000</pubDate>
      
      <guid>/blog/192.html/</guid>
      <description>Github Actions 监听仓库 commit 事件，然后执行自动化打包流程，并通过第三方平台自动部署，发布非常方便。 name: Build on: push: branches: - main jobs: build: runs-on: ubuntu-latest steps: - name: Checkout code uses: actions/checkout@v2 - name: Install dependencies run: npm install - name: Build run: npm run build - name: Commit changes run: | git config --global user.email &amp;#34;youremail&amp;#34; git config --global user.name &amp;#34;username&amp;#34; git add . git commit -m &amp;#34;Action bot commit&amp;#34; -</description>
    </item>
    
  </channel>
</rss>
