<?xml version="1.0" encoding="utf-8" standalone="yes"?>
<rss version="2.0" xmlns:atom="http://www.w3.org/2005/Atom">
  <channel>
    <title>随笔 on 子舒的博客</title>
    <link>/tags/%E9%9A%8F%E7%AC%94/</link>
    <description>Recent content in 随笔 on 子舒的博客</description>
    <generator>Hugo -- gohugo.io</generator>
    <language>en-us</language>
    <lastBuildDate>Fri, 02 Dec 2022 00:00:00 +0000</lastBuildDate><atom:link href="/tags/%E9%9A%8F%E7%AC%94/index.xml" rel="self" type="application/rss+xml" />
    <item>
      <title>贰拾肆年</title>
      <link>/blog/177.html/</link>
      <pubDate>Fri, 02 Dec 2022 00:00:00 +0000</pubDate>
      
      <guid>/blog/177.html/</guid>
      <description>越长大越不想长大，在人生的第24年经历了很多事情。</description>
    </item>
    
    <item>
      <title>开发后的反省</title>
      <link>/blog/169.html/</link>
      <pubDate>Thu, 13 Oct 2022 00:00:00 +0000</pubDate>
      
      <guid>/blog/169.html/</guid>
      <description>晚上给朋友写了一个油猴脚本，场景是一个拥有很多输入框的表单，多为经常填写的一些字符串。跟我说了一下，刚好没什么事情，吃完晚饭抽两小时出来简单写了写。 需求是预设多套模板，后期可以自己添加内容，置顶在网页</description>
    </item>
    
    <item>
      <title>关于密码的一些想法</title>
      <link>/blog/167.html/</link>
      <pubDate>Wed, 21 Sep 2022 19:26:00 +0000</pubDate>
      
      <guid>/blog/167.html/</guid>
      <description>今天在坐地铁的过程中，突然想要一个问题，一个安全稳定，便于记忆的密码时什么样子的。是否要包括字母大小写，数字，以及特殊符号？ 如何设置并存储？ 我想这是必须的，但是密码如果太过复杂，就不便于记忆。而想要记</description>
    </item>
    
    <item>
      <title>你是否想过成为一名作家？</title>
      <link>/blog/166.html/</link>
      <pubDate>Wed, 14 Sep 2022 17:59:00 +0000</pubDate>
      
      <guid>/blog/166.html/</guid>
      <description>https://poets.org/poem/so-you-want-be-writer 这是曾经询问过自己的一个问题，我想很多人在年少时期可能都会有过这样的经历，渴望将自己的文字带给更多人。 这件事情大多发生在高中时期吧，如果我没记错的话。忽然想起来那个年轻段的人都有些中二，看了不少玄幻</description>
    </item>
    
    <item>
      <title>文档和视频，你更喜欢哪种学习方式？</title>
      <link>/blog/165.html/</link>
      <pubDate>Wed, 07 Sep 2022 22:21:00 +0000</pubDate>
      
      <guid>/blog/165.html/</guid>
      <description>如题，这是我今天思考的话题。灵感来源于我在dev.to网站上看到的一个帖子。对于 learning 的方式，更倾向于看文档还是视频？我觉得可以从多个维度进行分析。 学习进度，也可以说是过程 行业领域 后天应该养成什么样的习惯</description>
    </item>
    
    <item>
      <title>随想录 (9)</title>
      <link>/blog/157.html/</link>
      <pubDate>Sun, 07 Aug 2022 18:47:00 +0000</pubDate>
      
      <guid>/blog/157.html/</guid>
      <description>落霞与孤鹜齐飞，秋水共长天一色。 放个图防止抑郁。 昨天看了一个帖子很有感触，土生土长的城市本地人很难体会每隔一段时间要重新建立社会关系的难受，从小到大，每到一个地方上学，从陌生变为熟悉，中间总有有一段难</description>
    </item>
    
    <item>
      <title>usb 接口的三面性</title>
      <link>/blog/142.html/</link>
      <pubDate>Tue, 21 Jun 2022 12:22:00 +0000</pubDate>
      
      <guid>/blog/142.html/</guid>
      <description>传统的 usb 接口是一个神奇的物品，当你插入第一次的时候肯定是反方向的，所以你要反过来插第二次，但是结果仍然是插不进去。这个时候你就会发现，它存在第三面，所以当你再次反过来的时候就可以正常插进接口了。 这就是</description>
    </item>
    
    <item>
      <title>关于我选择笔记系统这件小事</title>
      <link>/blog/121.html/</link>
      <pubDate>Thu, 28 Apr 2022 22:43:00 +0000</pubDate>
      
      <guid>/blog/121.html/</guid>
      <description>受年龄增长以及生活影响，人接触到的新事物和知识将会越来越多，大脑就显得有些混乱了，我也不敢保证自己的思维会始终保持一个高强度的在线状态。 因此决定整理个人知识库， 将大脑中的片段和思想整理出来。以笔记和文</description>
    </item>
    
    <item>
      <title>好久不做饭，突然上手倒也说得过去</title>
      <link>/blog/109.html/</link>
      <pubDate>Mon, 21 Mar 2022 17:36:00 +0000</pubDate>
      
      <guid>/blog/109.html/</guid>
      <description>故事前景参照上上篇文章 《小区封锁下的生活》。不想订外卖，打工人觉得饭菜太贵，并且好像味道也就那样，所以和对象打算自己动手，丰衣足食。 在美团买了一些菜，肉，水果等，可以放到小区门口，报上门牌号，会有工作</description>
    </item>
    
    <item>
      <title>小区封锁下的生活</title>
      <link>/blog/108.html/</link>
      <pubDate>Sun, 20 Mar 2022 00:15:00 +0000</pubDate>
      
      <guid>/blog/108.html/</guid>
      <description>2022年3月19日，坐标杭州，很不巧，是我最近几年经历的第一次疫情封锁小区。 小区里出现一个密切接触者，询问过医护人员，可能是疑似感染新冠病毒。来的有些突然，不过倒也在意料之中，前段时间已经在余杭区爆</description>
    </item>
    
    <item>
      <title>2022新春快乐</title>
      <link>/blog/99.html/</link>
      <pubDate>Mon, 31 Jan 2022 13:22:00 +0000</pubDate>
      
      <guid>/blog/99.html/</guid>
      <description>万物更新，旧疾当愈，长安常安。 今日是除夕，极目不见故土，抬头却是一片星空。 今年也是在杭州过的第三个新年，因为疫情的缘故，支持国家防疫政策。 如果所有人都祝你新年快乐，那我祝你历遍山河仍觉得人间值得。 去岁</description>
    </item>
    
    <item>
      <title>网易云音乐年度报告分享</title>
      <link>/blog/95.html/</link>
      <pubDate>Mon, 27 Dec 2021 15:50:00 +0000</pubDate>
      
      <guid>/blog/95.html/</guid>
      <description>我真的老了吗？看看我的网易云音乐年度报告分享吧！ 图片 图片</description>
    </item>
    
    <item>
      <title>有关 cdn.jsdelivr.net 证书错误的一些想法</title>
      <link>/blog/91.html/</link>
      <pubDate>Mon, 20 Dec 2021 14:25:00 +0000</pubDate>
      
      <guid>/blog/91.html/</guid>
      <description>记录一次不大不小的事件，2021年12月20日，cdn.jsdelivr.net 国内ip全面崩盘，说是证书出错了，然后所有使用cdn.jsdelivr.net进行加速的资源全部404。 我也是在朋友圈看</description>
    </item>
    
    <item>
      <title>闲谈2021</title>
      <link>/blog/90.html/</link>
      <pubDate>Fri, 17 Dec 2021 16:39:00 +0000</pubDate>
      
      <guid>/blog/90.html/</guid>
      <description>2021，不知不觉，又过去一年了。 因为最近也比较忙，所以一直拖到了中旬末，现在闲下心准备闲谈一下。 该说不说，坚持写博客也有500多天了，大概是我的水平有限，产出的技术文章也是寥寥无几，大多是一些笔记和</description>
    </item>
    
    <item>
      <title>关于人际交往的礼节感触</title>
      <link>/blog/4.html/</link>
      <pubDate>Wed, 24 Nov 2021 12:37:00 +0000</pubDate>
      
      <guid>/blog/4.html/</guid>
      <description>因为一件小事有感而发，在人际交往的过程中，我们通常都会关注一些细节，从而影响对一个人印象。这是一个作为人很正常的行为。 打个比方，两个人聊天，其中一个人不停拿起手机查看，就很给人一种很没有礼貌的印象。假</description>
    </item>
    
    <item>
      <title>网易云摸鱼，测测你的听歌流量</title>
      <link>/blog/84.html/</link>
      <pubDate>Thu, 18 Nov 2021 15:37:00 +0000</pubDate>
      
      <guid>/blog/84.html/</guid>
      <description>格局刚好。</description>
    </item>
    
    <item>
      <title>这两天的碎碎念</title>
      <link>/blog/83.html/</link>
      <pubDate>Thu, 11 Nov 2021 10:14:00 +0000</pubDate>
      
      <guid>/blog/83.html/</guid>
      <description>这段时间双十一，发现没有了往年那种囤货淘宝的欲望了，翻来翻去不知道买什么，包括那些活动，有好多朋友给我发链接助力我都没怎么弄，可能是生活的打磨让我对它没兴趣了吧~~ 唯一的消费活动就是买了一台服务器，腾</description>
    </item>
    
    <item>
      <title>许嵩的歌又一次被抄袭！</title>
      <link>/blog/45.html/</link>
      <pubDate>Sat, 16 Jan 2021 20:00:00 +0000</pubDate>
      
      <guid>/blog/45.html/</guid>
      <description>最新网上爆出风风火火的一件事，许嵩的《有何不可》被抄袭，抄袭者为罗聪，《简单的幸福》。 我从14年开始听许嵩的歌，一直到现在，许多年过去了，他的歌依旧脍炙人口，从之前的抒情浪漫情歌，批判社会的思想，一直</description>
    </item>
    
    <item>
      <title>吐槽－－控制好自己的情绪</title>
      <link>/blog/34.html/</link>
      <pubDate>Sun, 13 Dec 2020 13:11:00 +0000</pubDate>
      
      <guid>/blog/34.html/</guid>
      <description>缘于一些小事，本想发在朋友圈里，但是熟人挺多，不方便发，就在博客里吐槽一下 一个正常的人际交往应该是互相传递出好的情绪，开心的事情，这样不但有利于两个人之间的交往，而且对个人对身心健康也是有帮助的 正面的</description>
    </item>
    
    <item>
      <title>hello, world</title>
      <link>/blog/1.html/</link>
      <pubDate>Sun, 14 Jun 2020 00:00:00 +0000</pubDate>
      
      <guid>/blog/1.html/</guid>
      <description>2020年6月14日 我的博客正式建立。 愿一切安好。</description>
    </item>
    
  </channel>
</rss>
