<?xml version="1.0" encoding="utf-8" standalone="yes"?>
<rss version="2.0" xmlns:atom="http://www.w3.org/2005/Atom">
  <channel>
    <title>cloudflare on 子舒的博客</title>
    <link>/tags/cloudflare/</link>
    <description>Recent content in cloudflare on 子舒的博客</description>
    <generator>Hugo -- gohugo.io</generator>
    <language>en-us</language>
    <lastBuildDate>Wed, 01 Feb 2023 00:00:00 +0000</lastBuildDate><atom:link href="/tags/cloudflare/index.xml" rel="self" type="application/rss+xml" />
    <item>
      <title>使用 cloudflare 反代 gravatar 免费生成国内镜像</title>
      <link>/blog/182.html/</link>
      <pubDate>Wed, 01 Feb 2023 00:00:00 +0000</pubDate>
      
      <guid>/blog/182.html/</guid>
      <description>cloudflare 有一个非常好用的功能&amp;mdash;Workers，可以在无服务器的状态下运行一些程序，包括常见的反向代理等。 所以我利用这一功能实现对 gravatar 反代，达到国内访问加速的目的。 话不多说，开始流程操作，分享我的部</description>
    </item>
    
  </channel>
</rss>
