<?xml version="1.0" encoding="utf-8" standalone="yes"?>
<rss version="2.0" xmlns:atom="http://www.w3.org/2005/Atom">
  <channel>
    <title>思源笔记 on 子舒的博客</title>
    <link>/tags/%E6%80%9D%E6%BA%90%E7%AC%94%E8%AE%B0/</link>
    <description>Recent content in 思源笔记 on 子舒的博客</description>
    <generator>Hugo -- gohugo.io</generator>
    <language>en-us</language>
    <lastBuildDate>Thu, 05 May 2022 09:33:00 +0000</lastBuildDate><atom:link href="/tags/%E6%80%9D%E6%BA%90%E7%AC%94%E8%AE%B0/index.xml" rel="self" type="application/rss+xml" />
    <item>
      <title>docker部署思源笔记</title>
      <link>/blog/124.html/</link>
      <pubDate>Thu, 05 May 2022 09:33:00 +0000</pubDate>
      
      <guid>/blog/124.html/</guid>
      <description>文章废弃 部署 docker run --name siyuan -itd -p 6806:6806 -v /opt/my_siyuan_path:/opt/siyuan --restart always b3log/siyuan 备份 sudo su # 查看容器列表 docker ps -a # 制作备份 docker commit -p 7409ce6aae7b siyuan_backup # 其中 403e6db0c 是容器id, jenkins_backup是备份名称 # 查看备份是否成功 docker images # 将镜像制作成文件 docker save -o [filename] [image] docker save -o siyuan_backup.tar</description>
    </item>
    
  </channel>
</rss>
