<?xml version="1.0" encoding="utf-8" standalone="yes"?>
<rss version="2.0" xmlns:atom="http://www.w3.org/2005/Atom">
  <channel>
    <title>Categories on 子舒的博客</title>
    <link>/categories/</link>
    <description>Recent content in Categories on 子舒的博客</description>
    <generator>Hugo -- gohugo.io</generator>
    <language>en-us</language>
    <lastBuildDate>Mon, 10 Jul 2023 00:00:00 +0000</lastBuildDate><atom:link href="/categories/index.xml" rel="self" type="application/rss+xml" />
    <item>
      <title>随笔</title>
      <link>/categories/%E9%9A%8F%E7%AC%94/</link>
      <pubDate>Mon, 10 Jul 2023 00:00:00 +0000</pubDate>
      
      <guid>/categories/%E9%9A%8F%E7%AC%94/</guid>
      <description></description>
    </item>
    
    <item>
      <title>技术</title>
      <link>/categories/%E6%8A%80%E6%9C%AF/</link>
      <pubDate>Thu, 29 Jun 2023 00:00:00 +0000</pubDate>
      
      <guid>/categories/%E6%8A%80%E6%9C%AF/</guid>
      <description></description>
    </item>
    
  </channel>
</rss>
