<?xml version="1.0" encoding="utf-8" standalone="yes"?>
<rss version="2.0" xmlns:atom="http://www.w3.org/2005/Atom">
  <channel>
    <title>转载 on 子舒的博客</title>
    <link>/tags/%E8%BD%AC%E8%BD%BD/</link>
    <description>Recent content in 转载 on 子舒的博客</description>
    <generator>Hugo -- gohugo.io</generator>
    <language>en-us</language>
    <lastBuildDate>Thu, 13 May 2021 14:51:00 +0000</lastBuildDate><atom:link href="/tags/%E8%BD%AC%E8%BD%BD/index.xml" rel="self" type="application/rss+xml" />
    <item>
      <title>Oracle数据库安装教程（超详细）</title>
      <link>/blog/68.html/</link>
      <pubDate>Thu, 13 May 2021 14:51:00 +0000</pubDate>
      
      <guid>/blog/68.html/</guid>
      <description>转载自：https://www.moeor.com/26.html 前言 本教程讲解Oracle Database Express Edition (XE) Release 11.2.0.2.0 (11gR2)版本的下载安装教程！ 该版本是一个便携式安装版本，直接安装，就可以了，非常方便。 由于</description>
    </item>
    
    <item>
      <title>Typecho博客搭建及优化教程(详细)</title>
      <link>/blog/67.html/</link>
      <pubDate>Tue, 11 May 2021 22:29:00 +0000</pubDate>
      
      <guid>/blog/67.html/</guid>
      <description>1.前言 本文从Typecho 简介开始讲解，其中包括服务器的选择，以及域名注册，服务器系统选择 ，宝塔安装，环境配置，Typecho安装包括中间的防采坑注意事项，为您提供完整的保姆级搭建流程，请珍惜哦！ 如</description>
    </item>
    
    <item>
      <title>基耶斯洛夫斯基和他的现实</title>
      <link>/blog/64.html/</link>
      <pubDate>Sat, 24 Apr 2021 11:47:00 +0000</pubDate>
      
      <guid>/blog/64.html/</guid>
      <description>由于博友不在维护博客，导致图片链接丢失，仅以此为纪念。 2023-06-02 文章作者: 江江_Jan 文章链接: https://blog.jannns.com/posts/Kieslowski-and-his-reality/ 版权声明: 本博客所有文章除特别声明外，均采用 CC BY-NC-SA 4.0 许可协议。转载请注明来自 江卮可乐！ 前言 克日什托夫·基耶斯洛夫</description>
    </item>
    
  </channel>
</rss>
