<?xml version="1.0" encoding="utf-8" standalone="yes"?>
<rss version="2.0" xmlns:atom="http://www.w3.org/2005/Atom">
  <channel>
    <title>memos on 子舒的博客</title>
    <link>/tags/memos/</link>
    <description>Recent content in memos on 子舒的博客</description>
    <generator>Hugo -- gohugo.io</generator>
    <language>en-us</language>
    <lastBuildDate>Mon, 09 Jan 2023 00:00:00 +0000</lastBuildDate><atom:link href="/tags/memos/index.xml" rel="self" type="application/rss+xml" />
    <item>
      <title>利用 memos 生成的在线动态列表</title>
      <link>/blog/181.html/</link>
      <pubDate>Mon, 09 Jan 2023 00:00:00 +0000</pubDate>
      
      <guid>/blog/181.html/</guid>
      <description>memos 是一个具有知识管理和社交功能的开源自托管备忘录中心。 Github地址：https://github.com/usememos/memos 可以用它本身提供的 api，然后结合静态博客，做成一个在线的动态</description>
    </item>
    
  </channel>
</rss>
