<?xml version="1.0" encoding="utf-8" standalone="yes"?>
<rss version="2.0" xmlns:atom="http://www.w3.org/2005/Atom">
  <channel>
    <title>笔记 on 子舒的博客</title>
    <link>/tags/%E7%AC%94%E8%AE%B0/</link>
    <description>Recent content in 笔记 on 子舒的博客</description>
    <generator>Hugo -- gohugo.io</generator>
    <language>en-us</language>
    <lastBuildDate>Tue, 12 Jul 2022 14:59:00 +0000</lastBuildDate><atom:link href="/tags/%E7%AC%94%E8%AE%B0/index.xml" rel="self" type="application/rss+xml" />
    <item>
      <title>笔记:vue 中使用 axios 调用数据并渲染</title>
      <link>/blog/151.html/</link>
      <pubDate>Tue, 12 Jul 2022 14:59:00 +0000</pubDate>
      
      <guid>/blog/151.html/</guid>
      <description>示例如下。 &amp;lt;template&amp;gt; &amp;lt;div class=&amp;#34;posts&amp;#34;&amp;gt; &amp;lt;div v-for=&amp;#34;item in list&amp;#34; :key=&amp;#34;item.cid&amp;#34; &amp;gt; {{ item.title }} &amp;lt;/div&amp;gt; &amp;lt;/div&amp;gt; &amp;lt;/template&amp;gt; &amp;lt;script&amp;gt; import Axios from &amp;#39;axios&amp;#39;; export default { name: &amp;#39;index&amp;#39;, data () { return { list: [] } }, methods: { getData () { var api = &amp;#39;https://zburu.com/api/posts.php&amp;#39;; Axios.get(api).then((response) =&amp;gt; { this.list = response.data; console.log(response.data) }).catch((error) =&amp;gt; { console.log(error); }) } }, mounted () { this.getData(); }, } &amp;lt;/script&amp;gt; &amp;lt;style&amp;gt; &amp;lt;/style&amp;gt;</description>
    </item>
    
    <item>
      <title>obsidian:如何使用坚果云进行多端同步?</title>
      <link>/blog/146.html/</link>
      <pubDate>Mon, 27 Jun 2022 13:53:00 +0000</pubDate>
      
      <guid>/blog/146.html/</guid>
      <description>接上篇文章 《关于我选择笔记系统这件小事》 ，obsidian 的个人体验很棒，我也打算长久使用作为个人知识库。 但是它有一个弊端，就是本地离线化导致同步是个问题，官方的同步服务很贵，给我劝退了，因此我寻求了</description>
    </item>
    
    <item>
      <title>关于我选择笔记系统这件小事</title>
      <link>/blog/121.html/</link>
      <pubDate>Thu, 28 Apr 2022 22:43:00 +0000</pubDate>
      
      <guid>/blog/121.html/</guid>
      <description>受年龄增长以及生活影响，人接触到的新事物和知识将会越来越多，大脑就显得有些混乱了，我也不敢保证自己的思维会始终保持一个高强度的在线状态。 因此决定整理个人知识库， 将大脑中的片段和思想整理出来。以笔记和文</description>
    </item>
    
    <item>
      <title>【笔记】使用php写接口文件调用数据</title>
      <link>/blog/103.html/</link>
      <pubDate>Tue, 22 Feb 2022 17:12:00 +0000</pubDate>
      
      <guid>/blog/103.html/</guid>
      <description>如何使用 php 写一个接口，然后将数据以 json 文件格式调用。 &amp;lt;?php header(&amp;#39;Content-Type:application/json; charset=utf-8&amp;#39;); header(&amp;#34;Access-Control-Allow-Origin:*&amp;#34;); $servername = &amp;#34;localhost&amp;#34;; $username = &amp;#34;数据库账号&amp;#34;; $password = &amp;#34;数据库密码&amp;#34;; $dbname = &amp;#34;数据库名称&amp;#34;; // 创建连接 $conn = new mysqli($servername, $username, $password, $dbname); // 检</description>
    </item>
    
    <item>
      <title>我的 python 学习笔记</title>
      <link>/blog/61.html/</link>
      <pubDate>Thu, 01 Apr 2021 16:21:00 +0000</pubDate>
      
      <guid>/blog/61.html/</guid>
      <description>之所以学习 Python ，本意是想写一些脚本之类的程序，用来在浏览器爬一些自己想要的文字，图片等资料，这些程序其实 GitHub 蛮多的，但奈何我对后端的语言一窍不通，直接拿过来给我用我都不会。 因此就萌生了先学习 Python 基础知识的想</description>
    </item>
    
    <item>
      <title>React 学习笔记（三）</title>
      <link>/blog/39.html/</link>
      <pubDate>Tue, 29 Dec 2020 13:26:00 +0000</pubDate>
      
      <guid>/blog/39.html/</guid>
      <description>来源于：https://react.docschina.org/docs/forms.html 一、表单 在 React 中，html 表单元素的工作方式和其他的 DOM 元素不太一样，因为表单内部通常会保持一些内部的 stat</description>
    </item>
    
    <item>
      <title>vue学习笔记(3)－－computed, watch，calss, style</title>
      <link>/blog/29.html/</link>
      <pubDate>Wed, 25 Nov 2020 13:05:00 +0000</pubDate>
      
      <guid>/blog/29.html/</guid>
      <description>一、计算属性computed 1.例子 &amp;lt;div id=&amp;#34;app&amp;#34;&amp;gt; &amp;lt;div&amp;gt;{{message}}&amp;lt;/div&amp;gt; &amp;lt;div&amp;gt;{{revermessage}}&amp;lt;/div&amp;gt; &amp;lt;/div&amp;gt; &amp;lt;script&amp;gt; var vm = new Vue({ el: &amp;#39;#app&amp;#39;, data: { message: &amp;#39;hello,wolrd&amp;#39; }, computed: { revermessage: function() { return this.message.split(&amp;#39;&amp;#39;).reverse().join(&amp;#39;&amp;#39;) } } }) &amp;lt;/script&amp;gt; 声明一个计算属性severmessage，在computed中被指向对message进行一些方法操作后的返</description>
    </item>
    
    <item>
      <title>vue学习笔记(2)－－vue实例和模板语法</title>
      <link>/blog/28.html/</link>
      <pubDate>Tue, 24 Nov 2020 13:05:00 +0000</pubDate>
      
      <guid>/blog/28.html/</guid>
      <description>一、vue实例 1.创建vue实例 一个vue实例应该通过new Vue来创建根实例，所有的 vue 组件其实都是 vue 实例 var vm = new Vue({ ... }) 当一个实例被创建时，data对象中的 property 都被加入到vue的响应式系统中，当值发生改</description>
    </item>
    
    <item>
      <title>vue学习笔记(1)－－什么是vue?</title>
      <link>/blog/27.html/</link>
      <pubDate>Mon, 23 Nov 2020 13:04:00 +0000</pubDate>
      
      <guid>/blog/27.html/</guid>
      <description>一、什么是vue? 练习时使用，最新版本 &amp;lt;script src=&amp;#34;https://cdn.jsdelivr.net/npm/vue/dist/vue.js&amp;#34;&amp;gt;&amp;lt;/script&amp;gt; 生产时使用，明确版本号的版本，避免造成不可预见的问题 &amp;lt;script src=&amp;#34;https://cdn.jsdelivr.net/npm/vue@2.6.12&amp;#34;&amp;gt;&amp;lt;/script&amp;gt; hello world &amp;lt;div id=&amp;#34;app&amp;#34;&amp;gt; {{message}} &amp;lt;/div&amp;gt; &amp;lt;script&amp;gt; var app = new Vue({ el: &amp;#34;#app&amp;#34;, data: { message: &amp;#39;hello,world&amp;#39; } }) &amp;lt;/script&amp;gt; 1.v-指令 v-bind－－绑定属性 &amp;lt;div id=&amp;#34;app-2&amp;#34;&amp;gt; &amp;lt;span v-bind:title=&amp;#34;message&amp;#34;&amp;gt; 鼠标悬停几秒钟查</description>
    </item>
    
    <item>
      <title>事件监听函数，以及事件的捕获和冒泡机制</title>
      <link>/blog/21.html/</link>
      <pubDate>Tue, 17 Nov 2020 13:00:00 +0000</pubDate>
      
      <guid>/blog/21.html/</guid>
      <description>事件一般是用于浏览器和用户操作之间的交互，当用户执行某些特殊的操作时，浏览器给予反应，触发绑定的事件，事件流，事件发生时会在元素节点和根节点之间按照约定的顺序传播，事件经过的所有节点都会受到事件的影响</description>
    </item>
    
    <item>
      <title>getElementBy系列和querySelector系列的区别</title>
      <link>/blog/19.html/</link>
      <pubDate>Mon, 16 Nov 2020 12:59:00 +0000</pubDate>
      
      <guid>/blog/19.html/</guid>
      <description>querySelector和querySelectorAll的用法和getElementBy大致一样，获取的时候带上符号，getElementBy获取的是元素的动态集合，querySelector获取</description>
    </item>
    
    <item>
      <title>DOM－－文档对象模型</title>
      <link>/blog/18.html/</link>
      <pubDate>Sun, 15 Nov 2020 12:58:00 +0000</pubDate>
      
      <guid>/blog/18.html/</guid>
      <description>DOM中文名文档对象模型，英文名Document Object Model，我们简称为DOM，是针对html和xml文档的一种API，将html以一种树状结构呈现出来，可以更直观去研究文档结构，我们将这种树状文档结</description>
    </item>
    
    <item>
      <title>有关js函数，方法的一些补充总结</title>
      <link>/blog/17.html/</link>
      <pubDate>Sat, 14 Nov 2020 12:57:00 +0000</pubDate>
      
      <guid>/blog/17.html/</guid>
      <description>数据类型，构造函数，原型和原型链的一些讲解补充 一、数据类型 1.5个基本类型 string number boolean undefined 未定义 null 值为空 symbol 表示一个符号，符号类型是唯一的并且是不可修改的 最常见的还是前三种，字符串，数字，布尔值 2.常见的引用类</description>
    </item>
    
    <item>
      <title>javascript——函数、变量和方法</title>
      <link>/blog/13.html/</link>
      <pubDate>Wed, 04 Nov 2020 21:12:00 +0000</pubDate>
      
      <guid>/blog/13.html/</guid>
      <description>当代码出现有规律的重复之后，可以利用函数，定义变量，调用方法，不用去重复的改动代码，只需要进行函数的修改。基本上所有的高级语言都支持函数，javascript也不例外，它可以像变量一样被使用，方便且强</description>
    </item>
    
    <item>
      <title>HTML事件属性--DOM</title>
      <link>/blog/12.html/</link>
      <pubDate>Thu, 29 Oct 2020 21:12:00 +0000</pubDate>
      
      <guid>/blog/12.html/</guid>
      <description>研究html的对象，事件和方法，从js的角度来思考，这个标签的属性是通过什么方法，触发什么事件来实现的 键盘鼠标事件 页面窗口事件 表单事件 一、window事件属性 针对window对象触发的事件，在&amp;lt;</description>
    </item>
    
    <item>
      <title>js基本语法</title>
      <link>/blog/11.html/</link>
      <pubDate>Wed, 21 Oct 2020 21:11:00 +0000</pubDate>
      
      <guid>/blog/11.html/</guid>
      <description>在学习js基本语法的过程中，把遇见的知识点和问题记录喜下来，以便未来复习和参考。 数据类型有：数据，字符串，数组，数字，布尔值等。 一、数据类型 1.number 2.布尔值 只有true和false两种，可以直接用true</description>
    </item>
    
  </channel>
</rss>
