<?xml version="1.0" encoding="utf-8" standalone="yes"?>
<rss version="2.0" xmlns:atom="http://www.w3.org/2005/Atom">
  <channel>
    <title>随手拍 on 子舒的博客</title>
    <link>/tags/%E9%9A%8F%E6%89%8B%E6%8B%8D/</link>
    <description>Recent content in 随手拍 on 子舒的博客</description>
    <generator>Hugo -- gohugo.io</generator>
    <language>en-us</language>
    <lastBuildDate>Sun, 09 Jul 2023 00:00:00 +0000</lastBuildDate><atom:link href="/tags/%E9%9A%8F%E6%89%8B%E6%8B%8D/index.xml" rel="self" type="application/rss+xml" />
    <item>
      <title>极美的晚霞画卷</title>
      <link>/blog/201.html/</link>
      <pubDate>Sun, 09 Jul 2023 00:00:00 +0000</pubDate>
      
      <guid>/blog/201.html/</guid>
      <description>使用设备 RedmiK50 拍摄。 当太阳逐渐西沉时，天空的色彩变得温暖而温和，绝美的晚霞画卷即将展开。 这是我今天最喜欢的一张照片。</description>
    </item>
    
    <item>
      <title>晚霞彩虹</title>
      <link>/blog/199.html/</link>
      <pubDate>Mon, 26 Jun 2023 00:00:00 +0000</pubDate>
      
      <guid>/blog/199.html/</guid>
      <description>短短几分钟后，彩虹就消失得无影无踪，我庆幸自己按下了快门。</description>
    </item>
    
    <item>
      <title>随想录 (10)</title>
      <link>/blog/195.html/</link>
      <pubDate>Tue, 23 May 2023 00:00:00 +0000</pubDate>
      
      <guid>/blog/195.html/</guid>
      <description>夕阳伴随着晚霞划破了云层。 下班时在路口发现的风景，记录美好的瞬间。 https://github.com/canton7/SyncTrayzor 搞定了 SyncTrayzor，一个Syncthing 的应用，可以不用挂载终端，始终在电脑后台进行同步，占用也很低，一切都是在无感下进</description>
    </item>
    
    <item>
      <title>周六爬山日常</title>
      <link>/blog/193.html/</link>
      <pubDate>Sat, 15 Apr 2023 00:00:00 +0000</pubDate>
      
      <guid>/blog/193.html/</guid>
      <description>本周行程：万松书院出发，翻越凤凰山，登顶玉皇山，俯瞰八卦田。 上周和朋友爬山，由于实力太弱拖了后腿，因此奋发图强，直接下单了一把登山杖，差生文具多。但是有一说一，登山杖是真的好用，不管是上山还是下山都很</description>
    </item>
    
    <item>
      <title>从云溪竹径到九溪烟树</title>
      <link>/blog/191.html/</link>
      <pubDate>Sun, 09 Apr 2023 00:00:00 +0000</pubDate>
      
      <guid>/blog/191.html/</guid>
      <description>这棵树刚种下的时候，还是宋朝初年。 茶园，梅家坞。</description>
    </item>
    
    <item>
      <title>西湖 · 春游</title>
      <link>/blog/190.html/</link>
      <pubDate>Sun, 26 Mar 2023 00:00:00 +0000</pubDate>
      
      <guid>/blog/190.html/</guid>
      <description>春日繁花媚不言，天高云淡乐无边。 雨过天晴添好景，走遍山川任心怜。 持续了一周的降雨，终于迎来了一天晴朗，决定去春游。 杭州西湖 - 郭庄，花圃公园打卡。</description>
    </item>
    
    <item>
      <title>乌镇 · 南浔</title>
      <link>/blog/185.html/</link>
      <pubDate>Mon, 20 Feb 2023 00:00:00 +0000</pubDate>
      
      <guid>/blog/185.html/</guid>
      <description>周末出游，去了两个古镇，体验还不错，分享几张旅游风景照。</description>
    </item>
    
    <item>
      <title>未若柳絮因风起</title>
      <link>/blog/176.html/</link>
      <pubDate>Thu, 01 Dec 2022 00:00:00 +0000</pubDate>
      
      <guid>/blog/176.html/</guid>
      <description>冬天来了，杭州今年的雪来的猝不及防，前天还是十多度，今天下雪，走在路上只感到寒风刺骨。 “白雪纷纷何所似？ 撒盐空中差可拟。 未若柳絮因风起。” ps: 一切都在朝好的方向发展，纪念博客建立 900 天。</description>
    </item>
    
    <item>
      <title>霜叶红于二月花</title>
      <link>/blog/173.html/</link>
      <pubDate>Fri, 28 Oct 2022 00:00:00 +0000</pubDate>
      
      <guid>/blog/173.html/</guid>
      <description>远上寒山石径斜，白云深处有人家。 停车坐爱枫林晚，霜叶红于二月花。</description>
    </item>
    
    <item>
      <title>浴鹄湾游记</title>
      <link>/blog/164.html/</link>
      <pubDate>Sat, 03 Sep 2022 20:22:00 +0000</pubDate>
      
      <guid>/blog/164.html/</guid>
      <description>浴鹄湾，东靠杨公堤，西临三台山路，北至三台梦迹景区，南到赤山埠。</description>
    </item>
    
    <item>
      <title>水利博物馆照片</title>
      <link>/blog/162.html/</link>
      <pubDate>Mon, 22 Aug 2022 19:54:00 +0000</pubDate>
      
      <guid>/blog/162.html/</guid>
      <description>公司团建，随手拍两张照片。 白居易诗。</description>
    </item>
    
    <item>
      <title>火烧云</title>
      <link>/blog/159.html/</link>
      <pubDate>Fri, 12 Aug 2022 19:36:00 +0000</pubDate>
      
      <guid>/blog/159.html/</guid>
      <description></description>
    </item>
    
    <item>
      <title>随想录 (9)</title>
      <link>/blog/157.html/</link>
      <pubDate>Sun, 07 Aug 2022 18:47:00 +0000</pubDate>
      
      <guid>/blog/157.html/</guid>
      <description>落霞与孤鹜齐飞，秋水共长天一色。 放个图防止抑郁。 昨天看了一个帖子很有感触，土生土长的城市本地人很难体会每隔一段时间要重新建立社会关系的难受，从小到大，每到一个地方上学，从陌生变为熟悉，中间总有有一段难</description>
    </item>
    
    <item>
      <title>好久没看到这么蓝的天</title>
      <link>/blog/147.html/</link>
      <pubDate>Sat, 02 Jul 2022 14:11:00 +0000</pubDate>
      
      <guid>/blog/147.html/</guid>
      <description>手机像素一般，更主要的是拍照手法不行，拍不出优美的感觉。</description>
    </item>
    
  </channel>
</rss>
