<?xml version="1.0" encoding="utf-8" standalone="yes"?>
<rss version="2.0" xmlns:atom="http://www.w3.org/2005/Atom">
  <channel>
    <title>图片 on 子舒的博客</title>
    <link>/tags/%E5%9B%BE%E7%89%87/</link>
    <description>Recent content in 图片 on 子舒的博客</description>
    <generator>Hugo -- gohugo.io</generator>
    <language>en-us</language>
    <lastBuildDate>Fri, 01 Apr 2022 13:28:00 +0000</lastBuildDate><atom:link href="/tags/%E5%9B%BE%E7%89%87/index.xml" rel="self" type="application/rss+xml" />
    <item>
      <title>在nuxt中实现图片放大预览功能</title>
      <link>/blog/112.html/</link>
      <pubDate>Fri, 01 Apr 2022 13:28:00 +0000</pubDate>
      
      <guid>/blog/112.html/</guid>
      <description>v-viewer 基于vue的一个插件，可以实现图片放大，缩小，旋转，拖拽，预览等各种功能，效果还是很棒的。这是我在Github摸鱼时发现的一个仓库，感觉很有用，就分享一下使用过程。 Github: https://github.com/mirari/v-viewer 1.安装 npm install v-viewer 2.用法 在 plugins 中新</description>
    </item>
    
  </channel>
</rss>
