<?xml version="1.0" encoding="utf-8" standalone="yes"?>
<rss version="2.0" xmlns:atom="http://www.w3.org/2005/Atom">
  <channel>
    <title>服务器 on 子舒的博客</title>
    <link>/tags/%E6%9C%8D%E5%8A%A1%E5%99%A8/</link>
    <description>Recent content in 服务器 on 子舒的博客</description>
    <generator>Hugo -- gohugo.io</generator>
    <language>en-us</language>
    <lastBuildDate>Sun, 30 May 2021 11:37:00 +0000</lastBuildDate><atom:link href="/tags/%E6%9C%8D%E5%8A%A1%E5%99%A8/index.xml" rel="self" type="application/rss+xml" />
    <item>
      <title>宝塔如何实现进程守护？</title>
      <link>/blog/70.html/</link>
      <pubDate>Sun, 30 May 2021 11:37:00 +0000</pubDate>
      
      <guid>/blog/70.html/</guid>
      <description>为了方便写一些东西，pc端和手机端都可以同步，我用leanote搭建了一个在线笔记，但是必须在服务器后台运行一个指令 base run.sh 不然就访问不了端口，我也不可能时刻在终端保持指令运行，所以就需要把指令放在服务器</description>
    </item>
    
  </channel>
</rss>
