<?xml version="1.0" encoding="utf-8" standalone="yes"?>
<rss version="2.0" xmlns:atom="http://www.w3.org/2005/Atom">
  <channel>
    <title>编程 on 子舒的博客</title>
    <link>/tags/%E7%BC%96%E7%A8%8B/</link>
    <description>Recent content in 编程 on 子舒的博客</description>
    <generator>Hugo -- gohugo.io</generator>
    <language>en-us</language>
    <lastBuildDate>Wed, 06 Jan 2021 20:47:00 +0000</lastBuildDate><atom:link href="/tags/%E7%BC%96%E7%A8%8B/index.xml" rel="self" type="application/rss+xml" />
    <item>
      <title>使用 React 与 Vue 创建同一款 App，差别究竟有多大？</title>
      <link>/blog/43.html/</link>
      <pubDate>Wed, 06 Jan 2021 20:47:00 +0000</pubDate>
      
      <guid>/blog/43.html/</guid>
      <description>关于 React 框架 和 Vue 框架 的对比，用两者写出同一个程序，对比其代码实现的过程，看看它们的差异究竟有多大？ 转载于：https://blog.csdn.net/csdnnews/article/details/8</description>
    </item>
    
    <item>
      <title>为什么不可变性在 React 中那么重要？</title>
      <link>/blog/32.html/</link>
      <pubDate>Wed, 02 Dec 2020 13:09:00 +0000</pubDate>
      
      <guid>/blog/32.html/</guid>
      <description>根据官网文档来解释，为什么不可变性的概念在 React 中非常重要的原因，一般来说，有两种改变数据的方式。第一种方式是直接修改变量的值，第二种方式是使用新的一份数据替换旧数据 React 文档 一般来说，有两种改变数据的方式。</description>
    </item>
    
    <item>
      <title>对象，类和接口之间的关系</title>
      <link>/blog/25.html/</link>
      <pubDate>Sat, 21 Nov 2020 13:01:00 +0000</pubDate>
      
      <guid>/blog/25.html/</guid>
      <description>类是对的类型，类是具有相同属性和方法的一组集合，一个类可以对应多个对象，对象通过他们公开的方法来定义他们与外界的交互行为，而方法就形成了与外界交互的接口 类，对象和接口 1.类和对象 区别： 对象是类的一个实</description>
    </item>
    
    <item>
      <title>面向对象编程</title>
      <link>/blog/15.html/</link>
      <pubDate>Thu, 12 Nov 2020 12:58:00 +0000</pubDate>
      
      <guid>/blog/15.html/</guid>
      <description>面向对象把构成问题的transaction分解成各个对象，而建立对象的目的也不是为了完成一个个步骤，而是为了描述某个事物在解决整个问题的过程中所发生的行为，意在写出通用代码，加强代码重用，屏蔽差异性。</description>
    </item>
    
  </channel>
</rss>
