<?xml version="1.0" encoding="utf-8" standalone="yes"?>
<rss version="2.0" xmlns:atom="http://www.w3.org/2005/Atom">
  <channel>
    <title>翻译 on 子舒的博客</title>
    <link>/tags/%E7%BF%BB%E8%AF%91/</link>
    <description>Recent content in 翻译 on 子舒的博客</description>
    <generator>Hugo -- gohugo.io</generator>
    <language>en-us</language>
    <lastBuildDate>Fri, 05 Nov 2021 12:16:00 +0000</lastBuildDate><atom:link href="/tags/%E7%BF%BB%E8%AF%91/index.xml" rel="self" type="application/rss+xml" />
    <item>
      <title>揭秘箭头函数</title>
      <link>/blog/82.html/</link>
      <pubDate>Fri, 05 Nov 2021 12:16:00 +0000</pubDate>
      
      <guid>/blog/82.html/</guid>
      <description>英文地址: https://javascript.plainenglish.io/demystifying-javascript-arrow-functions-7b2a0908a2b3 通过掘金翻译计划活动进行翻译 箭头函数是函数表达式的替代方法，但在语法上有所不同，不能在所有情况下使用。如果您还没有阅读 JavaScript 中的函数表达式，我建议您在继续阅读之前先阅读这篇文章。 现在，让我们试</description>
    </item>
    
  </channel>
</rss>
