<?xml version="1.0" encoding="utf-8" standalone="yes"?>
<rss version="2.0" xmlns:atom="http://www.w3.org/2005/Atom">
  <channel>
    <title>HugoFast on 子舒的博客</title>
    <link>/tags/hugofast/</link>
    <description>Recent content in HugoFast on 子舒的博客</description>
    <generator>Hugo -- gohugo.io</generator>
    <language>en-us</language>
    <lastBuildDate>Fri, 02 Jun 2023 00:00:00 +0000</lastBuildDate><atom:link href="/tags/hugofast/index.xml" rel="self" type="application/rss+xml" />
    <item>
      <title>关于 HugoFast 这个项目</title>
      <link>/blog/196.html/</link>
      <pubDate>Fri, 02 Jun 2023 00:00:00 +0000</pubDate>
      
      <guid>/blog/196.html/</guid>
      <description>项目来源于我的突发奇想，并且基于热爱折腾的心理，利用GitHub本身提供的Api，将博客管理面板化。 目前仅支持 hugo，其他程序有对应的工具，就不造轮子了。 Github: https://github.com/imzsh/HugoFast 网站: https://hugofast.netlify.app/ 用户文档: https://hugofast-docs.netlify.app/ 1. 自托管 前往 https://github.com/imzsh/HugoFast fork 本项</description>
    </item>
    
  </channel>
</rss>
