<?xml version="1.0" encoding="utf-8" standalone="yes"?>
<rss version="2.0" xmlns:atom="http://www.w3.org/2005/Atom">
  <channel>
    <title>网站 on 子舒的博客</title>
    <link>/tags/%E7%BD%91%E7%AB%99/</link>
    <description>Recent content in 网站 on 子舒的博客</description>
    <generator>Hugo -- gohugo.io</generator>
    <language>en-us</language>
    <lastBuildDate>Fri, 17 Mar 2023 00:00:00 +0000</lastBuildDate><atom:link href="/tags/%E7%BD%91%E7%AB%99/index.xml" rel="self" type="application/rss+xml" />
    <item>
      <title>用原生js给网站写个搜索功能</title>
      <link>/blog/189.html/</link>
      <pubDate>Fri, 17 Mar 2023 00:00:00 +0000</pubDate>
      
      <guid>/blog/189.html/</guid>
      <description>本文也算是一篇教程，可以给 hugo 网站加个搜索功能，并且实现热更新，体验感更好。 如果是其他程序，只需要按照特定的模板生成以下格式的文件即可，主要代码从 第2部分 开始，第一章节写的是如何用 hugo 输出文章列表 json 文件。</description>
    </item>
    
    <item>
      <title>宝塔如何实现进程守护？</title>
      <link>/blog/70.html/</link>
      <pubDate>Sun, 30 May 2021 11:37:00 +0000</pubDate>
      
      <guid>/blog/70.html/</guid>
      <description>为了方便写一些东西，pc端和手机端都可以同步，我用leanote搭建了一个在线笔记，但是必须在服务器后台运行一个指令 base run.sh 不然就访问不了端口，我也不可能时刻在终端保持指令运行，所以就需要把指令放在服务器</description>
    </item>
    
  </channel>
</rss>
