<?xml version="1.0" encoding="utf-8" standalone="yes"?>
<rss version="2.0" xmlns:atom="http://www.w3.org/2005/Atom">
  <channel>
    <title>笔记本电脑 on 子舒的博客</title>
    <link>/tags/%E7%AC%94%E8%AE%B0%E6%9C%AC%E7%94%B5%E8%84%91/</link>
    <description>Recent content in 笔记本电脑 on 子舒的博客</description>
    <generator>Hugo -- gohugo.io</generator>
    <language>en-us</language>
    <lastBuildDate>Thu, 03 Mar 2022 16:56:00 +0000</lastBuildDate><atom:link href="/tags/%E7%AC%94%E8%AE%B0%E6%9C%AC%E7%94%B5%E8%84%91/index.xml" rel="self" type="application/rss+xml" />
    <item>
      <title>时隔六年我终于换电脑了</title>
      <link>/blog/105.html/</link>
      <pubDate>Thu, 03 Mar 2022 16:56:00 +0000</pubDate>
      
      <guid>/blog/105.html/</guid>
      <description>迫于我之前的电脑已经服役了六年，还是高考结束后购买的，一直陪伴我度过了整个青春 ?。 大学时写论文，作业都是通过它。 但是最近越来越严重，主要是屏幕的色域出现了一些问题，大面积发白，很伤眼睛。 其次显卡配置等</description>
    </item>
    
  </channel>
</rss>
