<?xml version="1.0" encoding="utf-8" standalone="yes"?>
<rss version="2.0" xmlns:atom="http://www.w3.org/2005/Atom">
  <channel>
    <title>七日谈 on 子舒的博客</title>
    <link>/tags/%E4%B8%83%E6%97%A5%E8%B0%88/</link>
    <description>Recent content in 七日谈 on 子舒的博客</description>
    <generator>Hugo -- gohugo.io</generator>
    <language>en-us</language>
    <lastBuildDate>Wed, 21 Sep 2022 19:26:00 +0000</lastBuildDate><atom:link href="/tags/%E4%B8%83%E6%97%A5%E8%B0%88/index.xml" rel="self" type="application/rss+xml" />
    <item>
      <title>关于密码的一些想法</title>
      <link>/blog/167.html/</link>
      <pubDate>Wed, 21 Sep 2022 19:26:00 +0000</pubDate>
      
      <guid>/blog/167.html/</guid>
      <description>今天在坐地铁的过程中，突然想要一个问题，一个安全稳定，便于记忆的密码时什么样子的。是否要包括字母大小写，数字，以及特殊符号？ 如何设置并存储？ 我想这是必须的，但是密码如果太过复杂，就不便于记忆。而想要记</description>
    </item>
    
  </channel>
</rss>
