<?xml version="1.0" encoding="utf-8" standalone="yes"?>
<rss version="2.0" xmlns:atom="http://www.w3.org/2005/Atom">
  <channel>
    <title>坚果云 on 子舒的博客</title>
    <link>/tags/%E5%9D%9A%E6%9E%9C%E4%BA%91/</link>
    <description>Recent content in 坚果云 on 子舒的博客</description>
    <generator>Hugo -- gohugo.io</generator>
    <language>en-us</language>
    <lastBuildDate>Mon, 27 Jun 2022 13:53:00 +0000</lastBuildDate><atom:link href="/tags/%E5%9D%9A%E6%9E%9C%E4%BA%91/index.xml" rel="self" type="application/rss+xml" />
    <item>
      <title>obsidian:如何使用坚果云进行多端同步?</title>
      <link>/blog/146.html/</link>
      <pubDate>Mon, 27 Jun 2022 13:53:00 +0000</pubDate>
      
      <guid>/blog/146.html/</guid>
      <description>接上篇文章 《关于我选择笔记系统这件小事》 ，obsidian 的个人体验很棒，我也打算长久使用作为个人知识库。 但是它有一个弊端，就是本地离线化导致同步是个问题，官方的同步服务很贵，给我劝退了，因此我寻求了</description>
    </item>
    
  </channel>
</rss>
