<?xml version="1.0" encoding="utf-8" standalone="yes"?>
<rss version="2.0" xmlns:atom="http://www.w3.org/2005/Atom">
  <channel>
    <title>react on 子舒的博客</title>
    <link>/tags/react/</link>
    <description>Recent content in react on 子舒的博客</description>
    <generator>Hugo -- gohugo.io</generator>
    <language>en-us</language>
    <lastBuildDate>Thu, 07 Jan 2021 20:46:00 +0000</lastBuildDate><atom:link href="/tags/react/index.xml" rel="self" type="application/rss+xml" />
    <item>
      <title>基于 React 的富文本编辑器－－Braft Editor</title>
      <link>/blog/44.html/</link>
      <pubDate>Thu, 07 Jan 2021 20:46:00 +0000</pubDate>
      
      <guid>/blog/44.html/</guid>
      <description>最近发了很多关于 React 的文章，记录遇到的新技术点，以及在写代码过程中遇到的问题，希望可以帮助到和我遇到同样问题的同学。 今天分享的是一款基于 React 的富文本编辑器－－Braft Editor。 Braft Editor 官网：https:</description>
    </item>
    
    <item>
      <title>使用 React 与 Vue 创建同一款 App，差别究竟有多大？</title>
      <link>/blog/43.html/</link>
      <pubDate>Wed, 06 Jan 2021 20:47:00 +0000</pubDate>
      
      <guid>/blog/43.html/</guid>
      <description>关于 React 框架 和 Vue 框架 的对比，用两者写出同一个程序，对比其代码实现的过程，看看它们的差异究竟有多大？ 转载于：https://blog.csdn.net/csdnnews/article/details/8</description>
    </item>
    
    <item>
      <title>React 脚手架项目打包时的路径问题</title>
      <link>/blog/42.html/</link>
      <pubDate>Tue, 05 Jan 2021 20:54:00 +0000</pubDate>
      
      <guid>/blog/42.html/</guid>
      <description>create-react-app 脚手架指令可以生成 React 项目，在项目完成之后执行打包命令 npm run build，文件夹内生成 build文件夹，就是打包后的文件，在浏览器运行 index.html 发现页面空白，打开控制台有报错，css 和 js 文件的引用路径有问题。 浏览</description>
    </item>
    
    <item>
      <title>如何在 React 中引入 less？</title>
      <link>/blog/41.html/</link>
      <pubDate>Mon, 04 Jan 2021 20:50:00 +0000</pubDate>
      
      <guid>/blog/41.html/</guid>
      <description>本文主要写如何在 React 中引入 less 。因为 less 和 css 非常像，因此很容易学习。而且 less 仅对 css 语言增加了少许方便的扩展，这就是 less 如此易学的原因之一。 1.安装 less npm install less less-loader --save-dev 2.暴露 webpack 文件 利用 npx create-react-app 搭建的 React 项目，默认隐藏 webpack 配置文</description>
    </item>
    
    <item>
      <title>为什么 key 是必须的？</title>
      <link>/blog/40.html/</link>
      <pubDate>Fri, 01 Jan 2021 20:48:00 +0000</pubDate>
      
      <guid>/blog/40.html/</guid>
      <description>之前有说到，在 React 中渲染列表的时候，要给每一个数据加一个 key 值，赋予一个确定的标示，而且也详细描述了如何给一个标示，方法知道了，那么为什么要这么做呢？ 在 React 中如何渲染列表？ 在默认条件下，当递归 DOM 节点的子元素</description>
    </item>
    
    <item>
      <title>React 学习笔记（三）</title>
      <link>/blog/39.html/</link>
      <pubDate>Tue, 29 Dec 2020 13:26:00 +0000</pubDate>
      
      <guid>/blog/39.html/</guid>
      <description>来源于：https://react.docschina.org/docs/forms.html 一、表单 在 React 中，html 表单元素的工作方式和其他的 DOM 元素不太一样，因为表单内部通常会保持一些内部的 stat</description>
    </item>
    
    <item>
      <title>React －－万物皆可组件</title>
      <link>/blog/37.html/</link>
      <pubDate>Mon, 21 Dec 2020 13:19:00 +0000</pubDate>
      
      <guid>/blog/37.html/</guid>
      <description>一、React 组件是什么？ 组件，从概念上类似于 javascript 函数，他接受任意入参（props），并返回作用于描述页面展示内容的 React 元素。 组件允许你将 UI 拆分为独立可复用的代码片段，并对每个片段进行独立构思。 1.创建一</description>
    </item>
    
    <item>
      <title>React 学习笔记（二）</title>
      <link>/blog/35.html/</link>
      <pubDate>Wed, 16 Dec 2020 13:15:00 +0000</pubDate>
      
      <guid>/blog/35.html/</guid>
      <description>React 元素的事件处理和 DOM 元素的很相似，但是有一点语法上的不同 React 事件的命名采用小驼峰式（camelCase），而不是纯小写 使用 JSX 语法时你需要传入一个函数作为事件处理函数，而不是一个字符串 一、事件处理 1.事件</description>
    </item>
    
    <item>
      <title>React 中的占位符 Fragment</title>
      <link>/blog/33.html/</link>
      <pubDate>Sat, 12 Dec 2020 13:10:00 +0000</pubDate>
      
      <guid>/blog/33.html/</guid>
      <description>在 React 项目中， render 方法只能有一个根元素，一般都是 &amp;lt;div&amp;gt; &amp;lt;div/&amp;gt; ，然后在里面写上我们的组件，渲染到浏览器一看，除了我们想要显示的组件，外面还套着一层 div ，如果在写项目的时候，套了很多曾组件，那么每一层都会多出来一个父级</description>
    </item>
    
    <item>
      <title>为什么不可变性在 React 中那么重要？</title>
      <link>/blog/32.html/</link>
      <pubDate>Wed, 02 Dec 2020 13:09:00 +0000</pubDate>
      
      <guid>/blog/32.html/</guid>
      <description>根据官网文档来解释，为什么不可变性的概念在 React 中非常重要的原因，一般来说，有两种改变数据的方式。第一种方式是直接修改变量的值，第二种方式是使用新的一份数据替换旧数据 React 文档 一般来说，有两种改变数据的方式。</description>
    </item>
    
    <item>
      <title>关于react的一份学习计划</title>
      <link>/blog/31.html/</link>
      <pubDate>Fri, 27 Nov 2020 13:08:00 +0000</pubDate>
      
      <guid>/blog/31.html/</guid>
      <description>有关react框架的学习计划，除了之前推荐的react开源作者写的学习建议，我还参考了阮一峰的react实例教程，写的通俗易懂，又难易并进，可以很快的掌握react的核心要点 之前说了，为了公司的项目决</description>
    </item>
    
    <item>
      <title>React 学习笔记（一）</title>
      <link>/blog/26.html/</link>
      <pubDate>Sun, 22 Nov 2020 13:02:00 +0000</pubDate>
      
      <guid>/blog/26.html/</guid>
      <description>an</description>
    </item>
    
    <item>
      <title>react学习路径－－怎么学习react？</title>
      <link>/blog/23.html/</link>
      <pubDate>Thu, 19 Nov 2020 13:02:00 +0000</pubDate>
      
      <guid>/blog/23.html/</guid>
      <description>转载于:https://github.com/petehunt/react-howto，react开源作者对于react框架的一个学习路径的建议，个人感觉还是相当不错的学习路线 如何学习React? 如果</description>
    </item>
    
  </channel>
</rss>
